chip_stem,region,sza_bin,method,chip_crs,gpkg_crs,mismatch
S2A_MSIL1C_20160918T141002_N0500_R053_T25WDR_20230922T140258_r9728_c9984,KQ,sza_65_70,UNet,EPSG:32625,EPSG:32625,0
S2A_MSIL1C_20160918T141002_N0500_R053_T25WES_20230922T140258_r10496_c3072,KQ,sza_65_70,UNet,EPSG:32625,EPSG:32625,0
S2A_MSIL1C_20160924T142932_N0500_R139_T24WWT_20231005T183724_r0512_c4352,SK,sza_65_70,UNet,EPSG:32624,EPSG:32624,0
S2A_MSIL1C_20160924T142932_N0500_R139_T24WWT_20231005T183724_r2560_c3328,SK,sza_65_70,UNet,EPSG:32624,EPSG:32624,0
S2A_MSIL1C_20180918T141001_N0500_R053_T25WER_20230707T155818_r2816_c5376,KQ,sza_65_70,UNet,EPSG:32625,EPSG:32625,0
S2A_MSIL1C_20180918T141001_N0500_R053_T25WER_20230707T155818_r3584_c4352,KQ,sza_65_70,UNet,EPSG:32625,EPSG:32625,0
S2A_MSIL1C_20180918T141001_N0500_R053_T25WER_20230707T155818_r3840_c4864,KQ,sza_65_70,UNet,EPSG:32625,EPSG:32625,0
S2A_MSIL1C_20180918T141001_N0500_R053_T25WER_20230707T155818_r4096_c4608,KQ,sza_65_70,UNet,EPSG:32625,EPSG:32625,0
S2A_MSIL1C_20180918T141001_N0500_R053_T25WER_20230707T155818_r4096_c4864,KQ,sza_65_70,UNet,EPSG:32625,EPSG:32625,0
S2A_MSIL1C_20180918T141001_N0500_R053_T25WER_20230707T155818_r4608_c7168,KQ,sza_65_70,UNet,EPSG:32625,EPSG:32625,0
S2A_MSIL1C_20180918T141001_N0500_R053_T25WER_20230707T155818_r4864_c4608,KQ,sza_65_70,UNet,EPSG:32625,EPSG:32625,0
S2A_MSIL1C_20180918T141001_N0500_R053_T25WER_20230707T155818_r7168_c3072,KQ,sza_65_70,UNet,EPSG:32625,EPSG:32625,0
S2A_MSIL1C_20180918T141001_N0500_R053_T25WER_20230707T155818_r7680_c1280,KQ,sza_65_70,UNet,EPSG:32625,EPSG:32625,0
S2A_MSIL1C_20180918T141001_N0500_R053_T25WER_20230707T155818_r8192_c1536,KQ,sza_65_70,UNet,EPSG:32625,EPSG:32625,0
S2A_MSIL1C_20180918T141001_N0500_R053_T25WER_20230707T155818_r9728_c0512,KQ,sza_65_70,UNet,EPSG:32625,EPSG:32625,0
S2A_MSIL1C_20181001T142141_N0500_R096_T24WWT_20230619T094106_r2048_c4608,SK,sza_65_70,UNet,EPSG:32624,EPSG:32624,0
S2A_MSIL1C_20181001T142141_N0500_R096_T24WWT_20230619T094106_r2304_c2048,SK,sza_65_70,UNet,EPSG:32624,EPSG:32624,0
S2A_MSIL1C_20181001T142141_N0500_R096_T24WWT_20230619T094106_r3328_c1536,SK,sza_65_70,UNet,EPSG:32624,EPSG:32624,0
S2A_MSIL1C_20181001T142141_N0500_R096_T24WWT_20230619T094106_r3584_c0000,SK,sza_65_70,UNet,EPSG:32624,EPSG:32624,0
S2A_MSIL1C_20181001T142141_N0500_R096_T24WWT_20230619T094106_r4864_c3584,SK,sza_65_70,UNet,EPSG:32624,EPSG:32624,0
S2A_MSIL1C_20181001T142141_N0500_R096_T24WWT_20230619T094106_r7424_c10496,SK,sza_65_70,UNet,EPSG:32624,EPSG:32624,0
S2A_MSIL1C_20181001T142141_N0500_R096_T24WWT_20230808T044242_r0000_c4864,SK,sza_65_70,UNet,EPSG:32624,EPSG:32624,0
S2A_MSIL1C_20181001T142141_N0500_R096_T24WWT_20230808T044242_r2304_c2304,SK,sza_65_70,UNet,EPSG:32624,EPSG:32624,0
S2A_MSIL1C_20181001T142141_N0500_R096_T24WWT_20230808T044242_r5632_c10496,SK,sza_65_70,UNet,EPSG:32624,EPSG:32624,0
S2B_MSIL1C_20170918T140959_N0500_R053_T25WER_20230825T143125_r3840_c3840,KQ,sza_65_70,UNet,EPSG:32625,EPSG:32625,0
S2B_MSIL1C_20170918T140959_N0500_R053_T25WER_20230825T143125_r4096_c5376,KQ,sza_65_70,UNet,EPSG:32625,EPSG:32625,0
S2B_MSIL1C_20170918T140959_N0500_R053_T25WER_20230825T143125_r4608_c6656,KQ,sza_65_70,UNet,EPSG:32625,EPSG:32625,0
S2B_MSIL1C_20170918T140959_N0500_R053_T25WER_20230825T143125_r4864_c5632,KQ,sza_65_70,UNet,EPSG:32625,EPSG:32625,0
S2A_MSIL1C_20160918T141002_N0500_R053_T25WDR_20230922T140258_r9728_c9984,KQ,sza_65_70,UNet_TR,EPSG:32625,EPSG:32625,0
S2A_MSIL1C_20160918T141002_N0500_R053_T25WES_20230922T140258_r10496_c3072,KQ,sza_65_70,UNet_TR,EPSG:32625,EPSG:32625,0
S2A_MSIL1C_20160924T142932_N0500_R139_T24WWT_20231005T183724_r0512_c4352,SK,sza_65_70,UNet_TR,EPSG:32624,EPSG:32624,0
S2A_MSIL1C_20160924T142932_N0500_R139_T24WWT_20231005T183724_r2560_c3328,SK,sza_65_70,UNet_TR,EPSG:32624,EPSG:32624,0
S2A_MSIL1C_20180918T141001_N0500_R053_T25WER_20230707T155818_r2816_c5376,KQ,sza_65_70,UNet_TR,EPSG:32625,EPSG:32625,0
S2A_MSIL1C_20180918T141001_N0500_R053_T25WER_20230707T155818_r3584_c4352,KQ,sza_65_70,UNet_TR,EPSG:32625,EPSG:32625,0
S2A_MSIL1C_20180918T141001_N0500_R053_T25WER_20230707T155818_r3840_c4864,KQ,sza_65_70,UNet_TR,EPSG:32625,EPSG:32625,0
S2A_MSIL1C_20180918T141001_N0500_R053_T25WER_20230707T155818_r4096_c4608,KQ,sza_65_70,UNet_TR,EPSG:32625,EPSG:32625,0
S2A_MSIL1C_20180918T141001_N0500_R053_T25WER_20230707T155818_r4096_c4864,KQ,sza_65_70,UNet_TR,EPSG:32625,EPSG:32625,0
S2A_MSIL1C_20180918T141001_N0500_R053_T25WER_20230707T155818_r4608_c7168,KQ,sza_65_70,UNet_TR,EPSG:32625,EPSG:32625,0
S2A_MSIL1C_20180918T141001_N0500_R053_T25WER_20230707T155818_r4864_c4608,KQ,sza_65_70,UNet_TR,EPSG:32625,EPSG:32625,0
S2A_MSIL1C_20180918T141001_N0500_R053_T25WER_20230707T155818_r7168_c3072,KQ,sza_65_70,UNet_TR,EPSG:32625,EPSG:32625,0
S2A_MSIL1C_20180918T141001_N0500_R053_T25WER_20230707T155818_r7680_c1280,KQ,sza_65_70,UNet_TR,EPSG:32625,EPSG:32625,0
S2A_MSIL1C_20180918T141001_N0500_R053_T25WER_20230707T155818_r8192_c1536,KQ,sza_65_70,UNet_TR,EPSG:32625,EPSG:32625,0
S2A_MSIL1C_20180918T141001_N0500_R053_T25WER_20230707T155818_r9728_c0512,KQ,sza_65_70,UNet_TR,EPSG:32625,EPSG:32625,0
S2A_MSIL1C_20181001T142141_N0500_R096_T24WWT_20230619T094106_r2048_c4608,SK,sza_65_70,UNet_TR,EPSG:32624,EPSG:32624,0
S2A_MSIL1C_20181001T142141_N0500_R096_T24WWT_20230619T094106_r2304_c2048,SK,sza_65_70,UNet_TR,EPSG:32624,EPSG:32624,0
S2A_MSIL1C_20181001T142141_N0500_R096_T24WWT_20230619T094106_r3328_c1536,SK,sza_65_70,UNet_TR,EPSG:32624,EPSG:32624,0
S2A_MSIL1C_20181001T142141_N0500_R096_T24WWT_20230619T094106_r3584_c0000,SK,sza_65_70,UNet_TR,EPSG:32624,EPSG:32624,0
S2A_MSIL1C_20181001T142141_N0500_R096_T24WWT_20230619T094106_r4864_c3584,SK,sza_65_70,UNet_TR,EPSG:32624,EPSG:32624,0
S2A_MSIL1C_20181001T142141_N0500_R096_T24WWT_20230619T094106_r7424_c10496,SK,sza_65_70,UNet_TR,EPSG:32624,EPSG:32624,0
S2A_MSIL1C_20181001T142141_N0500_R096_T24WWT_20230808T044242_r0000_c4864,SK,sza_65_70,UNet_TR,EPSG:32624,EPSG:32624,0
S2A_MSIL1C_20181001T142141_N0500_R096_T24WWT_20230808T044242_r2304_c2304,SK,sza_65_70,UNet_TR,EPSG:32624,EPSG:32624,0
S2A_MSIL1C_20181001T142141_N0500_R096_T24WWT_20230808T044242_r4096_c5120,SK,sza_65_70,UNet_TR,EPSG:32624,EPSG:32624,0
S2A_MSIL1C_20181001T142141_N0500_R096_T24WWT_20230808T044242_r5632_c10496,SK,sza_65_70,UNet_TR,EPSG:32624,EPSG:32624,0
S2B_MSIL1C_20170918T140959_N0500_R053_T25WER_20230825T143125_r3840_c3840,KQ,sza_65_70,UNet_TR,EPSG:32625,EPSG:32625,0
S2B_MSIL1C_20170918T140959_N0500_R053_T25WER_20230825T143125_r4096_c5376,KQ,sza_65_70,UNet_TR,EPSG:32625,EPSG:32625,0
S2B_MSIL1C_20170918T140959_N0500_R053_T25WER_20230825T143125_r4608_c6656,KQ,sza_65_70,UNet_TR,EPSG:32625,EPSG:32625,0
S2B_MSIL1C_20170918T140959_N0500_R053_T25WER_20230825T143125_r4864_c5632,KQ,sza_65_70,UNet_TR,EPSG:32625,EPSG:32625,0
S2B_MSIL1C_20170918T140959_N0500_R053_T25WER_20230825T143125_r4864_c8192,KQ,sza_65_70,UNet_TR,EPSG:32625,EPSG:32625,0
S2A_MSIL1C_20160918T141002_N0500_R053_T25WDR_20230922T140258_r9728_c9984,KQ,sza_65_70,UNet_OT,EPSG:32625,EPSG:32625,0
S2A_MSIL1C_20160918T141002_N0500_R053_T25WES_20230922T140258_r10496_c3072,KQ,sza_65_70,UNet_OT,EPSG:32625,EPSG:32625,0
S2A_MSIL1C_20160924T142932_N0500_R139_T24WWT_20231005T183724_r0512_c4352,SK,sza_65_70,UNet_OT,EPSG:32624,EPSG:32624,0
S2A_MSIL1C_20160924T142932_N0500_R139_T24WWT_20231005T183724_r2560_c3328,SK,sza_65_70,UNet_OT,EPSG:32624,EPSG:32624,0
S2A_MSIL1C_20180918T141001_N0500_R053_T25WER_20230707T155818_r2816_c5376,KQ,sza_65_70,UNet_OT,EPSG:32625,EPSG:32625,0
S2A_MSIL1C_20180918T141001_N0500_R053_T25WER_20230707T155818_r3584_c4352,KQ,sza_65_70,UNet_OT,EPSG:32625,EPSG:32625,0
S2A_MSIL1C_20180918T141001_N0500_R053_T25WER_20230707T155818_r3840_c4864,KQ,sza_65_70,UNet_OT,EPSG:32625,EPSG:32625,0
S2A_MSIL1C_20180918T141001_N0500_R053_T25WER_20230707T155818_r4096_c4608,KQ,sza_65_70,UNet_OT,EPSG:32625,EPSG:32625,0
S2A_MSIL1C_20180918T141001_N0500_R053_T25WER_20230707T155818_r4096_c4864,KQ,sza_65_70,UNet_OT,EPSG:32625,EPSG:32625,0
S2A_MSIL1C_20180918T141001_N0500_R053_T25WER_20230707T155818_r4608_c7168,KQ,sza_65_70,UNet_OT,EPSG:32625,EPSG:32625,0
S2A_MSIL1C_20180918T141001_N0500_R053_T25WER_20230707T155818_r4864_c4608,KQ,sza_65_70,UNet_OT,EPSG:32625,EPSG:32625,0
S2A_MSIL1C_20180918T141001_N0500_R053_T25WER_20230707T155818_r5376_c4864,KQ,sza_65_70,UNet_OT,EPSG:32625,EPSG:32625,0
S2A_MSIL1C_20180918T141001_N0500_R053_T25WER_20230707T155818_r5632_c4352,KQ,sza_65_70,UNet_OT,EPSG:32625,EPSG:32625,0
S2A_MSIL1C_20180918T141001_N0500_R053_T25WER_20230707T155818_r7168_c3072,KQ,sza_65_70,UNet_OT,EPSG:32625,EPSG:32625,0
S2A_MSIL1C_20180918T141001_N0500_R053_T25WER_20230707T155818_r7424_c2048,KQ,sza_65_70,UNet_OT,EPSG:32625,EPSG:32625,0
S2A_MSIL1C_20180918T141001_N0500_R053_T25WER_20230707T155818_r7680_c1280,KQ,sza_65_70,UNet_OT,EPSG:32625,EPSG:32625,0
S2A_MSIL1C_20180918T141001_N0500_R053_T25WER_20230707T155818_r7680_c3328,KQ,sza_65_70,UNet_OT,EPSG:32625,EPSG:32625,0
S2A_MSIL1C_20180918T141001_N0500_R053_T25WER_20230707T155818_r8192_c1536,KQ,sza_65_70,UNet_OT,EPSG:32625,EPSG:32625,0
S2A_MSIL1C_20180918T141001_N0500_R053_T25WER_20230707T155818_r8448_c1536,KQ,sza_65_70,UNet_OT,EPSG:32625,EPSG:32625,0
S2A_MSIL1C_20180918T141001_N0500_R053_T25WER_20230707T155818_r8448_c4352,KQ,sza_65_70,UNet_OT,EPSG:32625,EPSG:32625,0
S2A_MSIL1C_20180918T141001_N0500_R053_T25WER_20230707T155818_r9728_c0512,KQ,sza_65_70,UNet_OT,EPSG:32625,EPSG:32625,0
S2A_MSIL1C_20181001T142141_N0500_R096_T24WVT_20230619T094106_r7424_c10240,SK,sza_65_70,UNet_OT,EPSG:32624,EPSG:32624,0
S2A_MSIL1C_20181001T142141_N0500_R096_T24WWT_20230619T094106_r10496_c7936,SK,sza_65_70,UNet_OT,EPSG:32624,EPSG:32624,0
S2A_MSIL1C_20181001T142141_N0500_R096_T24WWT_20230619T094106_r2048_c4608,SK,sza_65_70,UNet_OT,EPSG:32624,EPSG:32624,0
S2A_MSIL1C_20181001T142141_N0500_R096_T24WWT_20230619T094106_r2304_c2048,SK,sza_65_70,UNet_OT,EPSG:32624,EPSG:32624,0
S2A_MSIL1C_20181001T142141_N0500_R096_T24WWT_20230619T094106_r3328_c1536,SK,sza_65_70,UNet_OT,EPSG:32624,EPSG:32624,0
S2A_MSIL1C_20181001T142141_N0500_R096_T24WWT_20230619T094106_r3584_c0000,SK,sza_65_70,UNet_OT,EPSG:32624,EPSG:32624,0
S2A_MSIL1C_20181001T142141_N0500_R096_T24WWT_20230619T094106_r4096_c0512,SK,sza_65_70,UNet_OT,EPSG:32624,EPSG:32624,0
S2A_MSIL1C_20181001T142141_N0500_R096_T24WWT_20230619T094106_r4864_c3584,SK,sza_65_70,UNet_OT,EPSG:32624,EPSG:32624,0
S2A_MSIL1C_20181001T142141_N0500_R096_T24WWT_20230619T094106_r5376_c1280,SK,sza_65_70,UNet_OT,EPSG:32624,EPSG:32624,0
S2A_MSIL1C_20181001T142141_N0500_R096_T24WWT_20230619T094106_r6400_c7424,SK,sza_65_70,UNet_OT,EPSG:32624,EPSG:32624,0
S2A_MSIL1C_20181001T142141_N0500_R096_T24WWT_20230619T094106_r7424_c0512,SK,sza_65_70,UNet_OT,EPSG:32624,EPSG:32624,0
S2A_MSIL1C_20181001T142141_N0500_R096_T24WWT_20230619T094106_r7424_c10496,SK,sza_65_70,UNet_OT,EPSG:32624,EPSG:32624,0
S2A_MSIL1C_20181001T142141_N0500_R096_T24WWT_20230619T094106_r7680_c1280,SK,sza_65_70,UNet_OT,EPSG:32624,EPSG:32624,0
S2A_MSIL1C_20181001T142141_N0500_R096_T24WWT_20230619T094106_r8448_c7168,SK,sza_65_70,UNet_OT,EPSG:32624,EPSG:32624,0
S2A_MSIL1C_20181001T142141_N0500_R096_T24WWT_20230619T094106_r9728_c7936,SK,sza_65_70,UNet_OT,EPSG:32624,EPSG:32624,0
S2A_MSIL1C_20181001T142141_N0500_R096_T24WWT_20230808T044242_r0000_c4864,SK,sza_65_70,UNet_OT,EPSG:32624,EPSG:32624,0
S2A_MSIL1C_20181001T142141_N0500_R096_T24WWT_20230808T044242_r2048_c3840,SK,sza_65_70,UNet_OT,EPSG:32624,EPSG:32624,0
S2A_MSIL1C_20181001T142141_N0500_R096_T24WWT_20230808T044242_r2304_c2304,SK,sza_65_70,UNet_OT,EPSG:32624,EPSG:32624,0
S2A_MSIL1C_20181001T142141_N0500_R096_T24WWT_20230808T044242_r4096_c5120,SK,sza_65_70,UNet_OT,EPSG:32624,EPSG:32624,0
S2A_MSIL1C_20181001T142141_N0500_R096_T24WWT_20230808T044242_r4608_c9216,SK,sza_65_70,UNet_OT,EPSG:32624,EPSG:32624,0
S2A_MSIL1C_20181001T142141_N0500_R096_T24WWT_20230808T044242_r5632_c10496,SK,sza_65_70,UNet_OT,EPSG:32624,EPSG:32624,0
S2A_MSIL1C_20211002T141021_N0500_R053_T24WXT_20230113T003232_r3584_c0512,SK,sza_65_70,UNet_OT,EPSG:32624,EPSG:32624,0
S2A_MSIL1C_20211002T141021_N0500_R053_T24WXT_20230113T003232_r6144_c0512,SK,sza_65_70,UNet_OT,EPSG:32624,EPSG:32624,0
S2B_MSIL1C_20170918T140959_N0500_R053_T25WER_20230825T143125_r3584_c3584,KQ,sza_65_70,UNet_OT,EPSG:32625,EPSG:32625,0
S2B_MSIL1C_20170918T140959_N0500_R053_T25WER_20230825T143125_r3840_c3840,KQ,sza_65_70,UNet_OT,EPSG:32625,EPSG:32625,0
S2B_MSIL1C_20170918T140959_N0500_R053_T25WER_20230825T143125_r4096_c5376,KQ,sza_65_70,UNet_OT,EPSG:32625,EPSG:32625,0
S2B_MSIL1C_20170918T140959_N0500_R053_T25WER_20230825T143125_r4608_c6656,KQ,sza_65_70,UNet_OT,EPSG:32625,EPSG:32625,0
S2B_MSIL1C_20170918T140959_N0500_R053_T25WER_20230825T143125_r4864_c5632,KQ,sza_65_70,UNet_OT,EPSG:32625,EPSG:32625,0
S2B_MSIL1C_20170918T140959_N0500_R053_T25WER_20230825T143125_r4864_c8192,KQ,sza_65_70,UNet_OT,EPSG:32625,EPSG:32625,0
S2B_MSIL1C_20170918T140959_N0500_R053_T25WER_20230825T143125_r5376_c4864,KQ,sza_65_70,UNet_OT,EPSG:32625,EPSG:32625,0
S2B_MSIL1C_20170918T140959_N0500_R053_T25WER_20230825T143125_r5376_c5120,KQ,sza_65_70,UNet_OT,EPSG:32625,EPSG:32625,0
S2B_MSIL1C_20170918T140959_N0500_R053_T25WER_20230825T143125_r5376_c6400,KQ,sza_65_70,UNet_OT,EPSG:32625,EPSG:32625,0
S2B_MSIL1C_20170918T140959_N0500_R053_T25WER_20230825T143125_r5632_c4608,KQ,sza_65_70,UNet_OT,EPSG:32625,EPSG:32625,0
S2B_MSIL1C_20170918T140959_N0500_R053_T25WER_20230825T143125_r8704_c6656,KQ,sza_65_70,UNet_OT,EPSG:32625,EPSG:32625,0
S2B_MSIL1C_20170918T140959_N0500_R053_T25WER_20230825T143125_r8704_c7424,KQ,sza_65_70,UNet_OT,EPSG:32625,EPSG:32625,0
S2B_MSIL1C_20171001T141959_N0500_R096_T24WVT_20230815T172207_r7936_c10240,SK,sza_65_70,UNet_OT,EPSG:32624,EPSG:32624,0
S2A_MSIL1C_20160918T141002_N0500_R053_T25WDR_20230922T140258_r9728_c9984,KQ,sza_65_70,UNet_CRF,EPSG:32625,EPSG:32625,0
S2A_MSIL1C_20160918T141002_N0500_R053_T25WES_20230922T140258_r10496_c3072,KQ,sza_65_70,UNet_CRF,EPSG:32625,EPSG:32625,0
S2A_MSIL1C_20180918T141001_N0500_R053_T25WER_20230707T155818_r2816_c5376,KQ,sza_65_70,UNet_CRF,EPSG:32625,EPSG:32625,0
S2A_MSIL1C_20180918T141001_N0500_R053_T25WER_20230707T155818_r3584_c4352,KQ,sza_65_70,UNet_CRF,EPSG:32625,EPSG:32625,0
S2A_MSIL1C_20180918T141001_N0500_R053_T25WER_20230707T155818_r3840_c4864,KQ,sza_65_70,UNet_CRF,EPSG:32625,EPSG:32625,0
S2A_MSIL1C_20180918T141001_N0500_R053_T25WER_20230707T155818_r4096_c4608,KQ,sza_65_70,UNet_CRF,EPSG:32625,EPSG:32625,0
S2A_MSIL1C_20180918T141001_N0500_R053_T25WER_20230707T155818_r4096_c4864,KQ,sza_65_70,UNet_CRF,EPSG:32625,EPSG:32625,0
S2A_MSIL1C_20180918T141001_N0500_R053_T25WER_20230707T155818_r4608_c7168,KQ,sza_65_70,UNet_CRF,EPSG:32625,EPSG:32625,0
S2A_MSIL1C_20180918T141001_N0500_R053_T25WER_20230707T155818_r4864_c4608,KQ,sza_65_70,UNet_CRF,EPSG:32625,EPSG:32625,0
S2A_MSIL1C_20180918T141001_N0500_R053_T25WER_20230707T155818_r7168_c3072,KQ,sza_65_70,UNet_CRF,EPSG:32625,EPSG:32625,0
S2A_MSIL1C_20180918T141001_N0500_R053_T25WER_20230707T155818_r7680_c1280,KQ,sza_65_70,UNet_CRF,EPSG:32625,EPSG:32625,0
S2A_MSIL1C_20180918T141001_N0500_R053_T25WER_20230707T155818_r8192_c1536,KQ,sza_65_70,UNet_CRF,EPSG:32625,EPSG:32625,0
S2A_MSIL1C_20181001T142141_N0500_R096_T24WWT_20230619T094106_r2048_c4608,SK,sza_65_70,UNet_CRF,EPSG:32624,EPSG:32624,0
S2A_MSIL1C_20181001T142141_N0500_R096_T24WWT_20230619T094106_r2304_c2048,SK,sza_65_70,UNet_CRF,EPSG:32624,EPSG:32624,0
S2A_MSIL1C_20181001T142141_N0500_R096_T24WWT_20230619T094106_r3328_c1536,SK,sza_65_70,UNet_CRF,EPSG:32624,EPSG:32624,0
S2A_MSIL1C_20181001T142141_N0500_R096_T24WWT_20230808T044242_r0000_c4864,SK,sza_65_70,UNet_CRF,EPSG:32624,EPSG:32624,0
S2B_MSIL1C_20170918T140959_N0500_R053_T25WER_20230825T143125_r3840_c3840,KQ,sza_65_70,UNet_CRF,EPSG:32625,EPSG:32625,0
S2B_MSIL1C_20170918T140959_N0500_R053_T25WER_20230825T143125_r4096_c5376,KQ,sza_65_70,UNet_CRF,EPSG:32625,EPSG:32625,0
S2A_MSIL1C_20181001T142141_N0500_R096_T25WES_20230808T044242_r9472_c2048,KQ,sza_70_75,UNet,EPSG:32625,EPSG:32625,0
S2A_MSIL1C_20181001T142141_N0500_R096_T25WES_20230808T044242_r9728_c2048,KQ,sza_70_75,UNet,EPSG:32625,EPSG:32625,0
S2A_MSIL1C_20201003T143041_N0500_R139_T24WWU_20230306T133643_r6656_c5632,SK,sza_70_75,UNet,EPSG:32624,EPSG:32624,0
S2A_MSIL1C_20201003T143041_N0500_R139_T24WWU_20230306T133643_r7424_c4864,SK,sza_70_75,UNet,EPSG:32624,EPSG:32624,0
S2A_MSIL1C_20201003T143041_N0500_R139_T24WWU_20230306T133643_r7936_c2560,SK,sza_70_75,UNet,EPSG:32624,EPSG:32624,0
S2A_MSIL1C_20221004T140031_N0510_R010_T25WES_20240721T141025_r10496_c1792,KQ,sza_70_75,UNet,EPSG:32625,EPSG:32625,0
S2A_MSIL1C_20221004T140031_N0510_R010_T25WES_20240721T141025_r9984_c1792,KQ,sza_70_75,UNet,EPSG:32625,EPSG:32625,0
S2B_MSIL1C_20171002T135009_N0500_R110_T25WEQ_20230817T124207_r0512_c1536,KQ,sza_70_75,UNet,EPSG:32625,EPSG:32625,0
S2B_MSIL1C_20171002T135009_N0500_R110_T25WER_20230817T124207_r10496_c0256,KQ,sza_70_75,UNet,EPSG:32625,EPSG:32625,0
S2B_MSIL1C_20171002T135009_N0500_R110_T25WER_20230817T124207_r1280_c3072,KQ,sza_70_75,UNet,EPSG:32625,EPSG:32625,0
S2B_MSIL1C_20171002T135009_N0500_R110_T25WER_20230817T124207_r8192_c2048,KQ,sza_70_75,UNet,EPSG:32625,EPSG:32625,0
S2B_MSIL1C_20171002T135009_N0500_R110_T25WER_20230817T124207_r8448_c2816,KQ,sza_70_75,UNet,EPSG:32625,EPSG:32625,0
S2B_MSIL1C_20171002T135009_N0500_R110_T25WER_20230817T124207_r9728_c0768,KQ,sza_70_75,UNet,EPSG:32625,EPSG:32625,0
S2B_MSIL1C_20171002T135009_N0500_R110_T25WER_20230817T124207_r9984_c0768,KQ,sza_70_75,UNet,EPSG:32625,EPSG:32625,0
S2B_MSIL1C_20181003T141019_N0500_R053_T25WDQ_20230619T164213_r0000_c10496,KQ,sza_70_75,UNet,EPSG:32625,EPSG:32625,0
S2B_MSIL1C_20181003T141019_N0500_R053_T25WEQ_20230619T164213_r0000_c1024,KQ,sza_70_75,UNet,EPSG:32625,EPSG:32625,0
S2B_MSIL1C_20201009T140009_N0500_R010_T25WES_20230305T173153_r9472_c2048,KQ,sza_70_75,UNet,EPSG:32625,EPSG:32625,0
S2B_MSIL1C_20211001T134859_N0500_R110_T25WDR_20230112T231721_r9472_c10240,KQ,sza_70_75,UNet,EPSG:32625,EPSG:32625,0
S2B_MSIL1C_20211001T134859_N0500_R110_T25WER_20230112T231721_r3328_c3072,KQ,sza_70_75,UNet,EPSG:32625,EPSG:32625,0
S2B_MSIL1C_20211001T134859_N0500_R110_T25WER_20230112T231721_r3840_c3584,KQ,sza_70_75,UNet,EPSG:32625,EPSG:32625,0
S2B_MSIL1C_20211001T134859_N0500_R110_T25WER_20230112T231721_r3840_c4608,KQ,sza_70_75,UNet,EPSG:32625,EPSG:32625,0
S2B_MSIL1C_20211001T134859_N0500_R110_T25WER_20230112T231721_r5376_c4096,KQ,sza_70_75,UNet,EPSG:32625,EPSG:32625,0
S2B_MSIL1C_20211001T134859_N0500_R110_T25WER_20230112T231721_r6144_c3840,KQ,sza_70_75,UNet,EPSG:32625,EPSG:32625,0
S2B_MSIL1C_20211001T134859_N0500_R110_T25WER_20230112T231721_r6912_c5632,KQ,sza_70_75,UNet,EPSG:32625,EPSG:32625,0
S2B_MSIL1C_20211001T134859_N0500_R110_T25WER_20230112T231721_r7168_c3072,KQ,sza_70_75,UNet,EPSG:32625,EPSG:32625,0
S2B_MSIL1C_20211001T134859_N0500_R110_T25WER_20230112T231721_r7936_c4096,KQ,sza_70_75,UNet,EPSG:32625,EPSG:32625,0
S2B_MSIL1C_20211001T134859_N0500_R110_T25WER_20230112T231721_r9984_c0768,KQ,sza_70_75,UNet,EPSG:32625,EPSG:32625,0
S2B_MSIL1C_20211001T134859_N0500_R110_T25WER_20230112T231721_r9984_c2048,KQ,sza_70_75,UNet,EPSG:32625,EPSG:32625,0
S2B_MSIL1C_20221005T141949_N0510_R096_T24WWU_20240727T202953_r4608_c7168,SK,sza_70_75,UNet,EPSG:32624,EPSG:32624,0
S2B_MSIL1C_20221005T141949_N0510_R096_T24WWU_20240727T202953_r5632_c6656,SK,sza_70_75,UNet,EPSG:32624,EPSG:32624,0
S2B_MSIL1C_20221005T141949_N0510_R096_T24WWU_20240727T202953_r6144_c5376,SK,sza_70_75,UNet,EPSG:32624,EPSG:32624,0
S2B_MSIL1C_20221005T141949_N0510_R096_T24WWU_20240727T202953_r6144_c5632,SK,sza_70_75,UNet,EPSG:32624,EPSG:32624,0
S2B_MSIL1C_20221005T141949_N0510_R096_T24WWU_20240727T202953_r6144_c6400,SK,sza_70_75,UNet,EPSG:32624,EPSG:32624,0
S2B_MSIL1C_20221005T141949_N0510_R096_T24WWU_20240727T202953_r8960_c2560,SK,sza_70_75,UNet,EPSG:32624,EPSG:32624,0
S2A_MSIL1C_20181001T142141_N0500_R096_T25WES_20230808T044242_r9472_c2048,KQ,sza_70_75,UNet_TR,EPSG:32625,EPSG:32625,0
S2A_MSIL1C_20181001T142141_N0500_R096_T25WES_20230808T044242_r9728_c2048,KQ,sza_70_75,UNet_TR,EPSG:32625,EPSG:32625,0
S2A_MSIL1C_20201003T143041_N0500_R139_T24WWU_20230306T133643_r6656_c5632,SK,sza_70_75,UNet_TR,EPSG:32624,EPSG:32624,0
S2A_MSIL1C_20201003T143041_N0500_R139_T24WWU_20230306T133643_r7424_c4864,SK,sza_70_75,UNet_TR,EPSG:32624,EPSG:32624,0
S2A_MSIL1C_20201003T143041_N0500_R139_T24WWU_20230306T133643_r7936_c2560,SK,sza_70_75,UNet_TR,EPSG:32624,EPSG:32624,0
S2A_MSIL1C_20221004T140031_N0510_R010_T25WES_20240721T141025_r10496_c1792,KQ,sza_70_75,UNet_TR,EPSG:32625,EPSG:32625,0
S2A_MSIL1C_20221004T140031_N0510_R010_T25WES_20240721T141025_r9984_c1792,KQ,sza_70_75,UNet_TR,EPSG:32625,EPSG:32625,0
S2B_MSIL1C_20171002T135009_N0500_R110_T25WEQ_20230817T124207_r0512_c1536,KQ,sza_70_75,UNet_TR,EPSG:32625,EPSG:32625,0
S2B_MSIL1C_20171002T135009_N0500_R110_T25WER_20230817T124207_r10496_c0256,KQ,sza_70_75,UNet_TR,EPSG:32625,EPSG:32625,0
S2B_MSIL1C_20171002T135009_N0500_R110_T25WER_20230817T124207_r10496_c3072,KQ,sza_70_75,UNet_TR,EPSG:32625,EPSG:32625,0
S2B_MSIL1C_20171002T135009_N0500_R110_T25WER_20230817T124207_r1280_c3072,KQ,sza_70_75,UNet_TR,EPSG:32625,EPSG:32625,0
S2B_MSIL1C_20171002T135009_N0500_R110_T25WER_20230817T124207_r8192_c2048,KQ,sza_70_75,UNet_TR,EPSG:32625,EPSG:32625,0
S2B_MSIL1C_20171002T135009_N0500_R110_T25WER_20230817T124207_r8448_c2816,KQ,sza_70_75,UNet_TR,EPSG:32625,EPSG:32625,0
S2B_MSIL1C_20171002T135009_N0500_R110_T25WER_20230817T124207_r8704_c2816,KQ,sza_70_75,UNet_TR,EPSG:32625,EPSG:32625,0
S2B_MSIL1C_20171002T135009_N0500_R110_T25WER_20230817T124207_r9728_c0768,KQ,sza_70_75,UNet_TR,EPSG:32625,EPSG:32625,0
S2B_MSIL1C_20171002T135009_N0500_R110_T25WER_20230817T124207_r9984_c0768,KQ,sza_70_75,UNet_TR,EPSG:32625,EPSG:32625,0
S2B_MSIL1C_20181003T141019_N0500_R053_T25WDQ_20230619T164213_r0000_c10496,KQ,sza_70_75,UNet_TR,EPSG:32625,EPSG:32625,0
S2B_MSIL1C_20181003T141019_N0500_R053_T25WEQ_20230619T164213_r0000_c1024,KQ,sza_70_75,UNet_TR,EPSG:32625,EPSG:32625,0
S2B_MSIL1C_20201009T140009_N0500_R010_T25WES_20230305T173153_r9472_c2048,KQ,sza_70_75,UNet_TR,EPSG:32625,EPSG:32625,0
S2B_MSIL1C_20211001T134859_N0500_R110_T25WDR_20230112T231721_r9472_c10240,KQ,sza_70_75,UNet_TR,EPSG:32625,EPSG:32625,0
S2B_MSIL1C_20211001T134859_N0500_R110_T25WER_20230112T231721_r3328_c3072,KQ,sza_70_75,UNet_TR,EPSG:32625,EPSG:32625,0
S2B_MSIL1C_20211001T134859_N0500_R110_T25WER_20230112T231721_r3840_c3584,KQ,sza_70_75,UNet_TR,EPSG:32625,EPSG:32625,0
S2B_MSIL1C_20211001T134859_N0500_R110_T25WER_20230112T231721_r3840_c4608,KQ,sza_70_75,UNet_TR,EPSG:32625,EPSG:32625,0
S2B_MSIL1C_20211001T134859_N0500_R110_T25WER_20230112T231721_r5376_c4096,KQ,sza_70_75,UNet_TR,EPSG:32625,EPSG:32625,0
S2B_MSIL1C_20211001T134859_N0500_R110_T25WER_20230112T231721_r6144_c3840,KQ,sza_70_75,UNet_TR,EPSG:32625,EPSG:32625,0
S2B_MSIL1C_20211001T134859_N0500_R110_T25WER_20230112T231721_r6912_c5632,KQ,sza_70_75,UNet_TR,EPSG:32625,EPSG:32625,0
S2B_MSIL1C_20211001T134859_N0500_R110_T25WER_20230112T231721_r7168_c3072,KQ,sza_70_75,UNet_TR,EPSG:32625,EPSG:32625,0
S2B_MSIL1C_20211001T134859_N0500_R110_T25WER_20230112T231721_r7936_c4096,KQ,sza_70_75,UNet_TR,EPSG:32625,EPSG:32625,0
S2B_MSIL1C_20211001T134859_N0500_R110_T25WER_20230112T231721_r8704_c6400,KQ,sza_70_75,UNet_TR,EPSG:32625,EPSG:32625,0
S2B_MSIL1C_20211001T134859_N0500_R110_T25WER_20230112T231721_r9984_c0768,KQ,sza_70_75,UNet_TR,EPSG:32625,EPSG:32625,0
S2B_MSIL1C_20211001T134859_N0500_R110_T25WER_20230112T231721_r9984_c2048,KQ,sza_70_75,UNet_TR,EPSG:32625,EPSG:32625,0
S2B_MSIL1C_20221005T141949_N0510_R096_T24WWU_20240727T202953_r4608_c7168,SK,sza_70_75,UNet_TR,EPSG:32624,EPSG:32624,0
S2B_MSIL1C_20221005T141949_N0510_R096_T24WWU_20240727T202953_r5632_c6656,SK,sza_70_75,UNet_TR,EPSG:32624,EPSG:32624,0
S2B_MSIL1C_20221005T141949_N0510_R096_T24WWU_20240727T202953_r6144_c5376,SK,sza_70_75,UNet_TR,EPSG:32624,EPSG:32624,0
S2B_MSIL1C_20221005T141949_N0510_R096_T24WWU_20240727T202953_r6144_c5632,SK,sza_70_75,UNet_TR,EPSG:32624,EPSG:32624,0
S2B_MSIL1C_20221005T141949_N0510_R096_T24WWU_20240727T202953_r6144_c6400,SK,sza_70_75,UNet_TR,EPSG:32624,EPSG:32624,0
S2B_MSIL1C_20221005T141949_N0510_R096_T24WWU_20240727T202953_r8960_c2560,SK,sza_70_75,UNet_TR,EPSG:32624,EPSG:32624,0
S2A_MSIL1C_20181001T142141_N0500_R096_T25WES_20230808T044242_r9472_c2048,KQ,sza_70_75,UNet_OT,EPSG:32625,EPSG:32625,0
S2A_MSIL1C_20181001T142141_N0500_R096_T25WES_20230808T044242_r9728_c2048,KQ,sza_70_75,UNet_OT,EPSG:32625,EPSG:32625,0
S2A_MSIL1C_20201003T143041_N0500_R139_T24WVT_20230306T133643_r6400_c10496,SK,sza_70_75,UNet_OT,EPSG:32624,EPSG:32624,0
S2A_MSIL1C_20201003T143041_N0500_R139_T24WWU_20230306T133643_r7936_c2560,SK,sza_70_75,UNet_OT,EPSG:32624,EPSG:32624,0
S2A_MSIL1C_20221004T140031_N0510_R010_T25WES_20240721T141025_r10496_c1792,KQ,sza_70_75,UNet_OT,EPSG:32625,EPSG:32625,0
S2A_MSIL1C_20221004T140031_N0510_R010_T25WES_20240721T141025_r9984_c1792,KQ,sza_70_75,UNet_OT,EPSG:32625,EPSG:32625,0
S2B_MSIL1C_20171002T135009_N0500_R110_T25WEQ_20230817T124207_r0256_c0512,KQ,sza_70_75,UNet_OT,EPSG:32625,EPSG:32625,0
S2B_MSIL1C_20171002T135009_N0500_R110_T25WEQ_20230817T124207_r0512_c1536,KQ,sza_70_75,UNet_OT,EPSG:32625,EPSG:32625,0
S2B_MSIL1C_20171002T135009_N0500_R110_T25WEQ_20230817T124207_r0512_c4096,KQ,sza_70_75,UNet_OT,EPSG:32625,EPSG:32625,0
S2B_MSIL1C_20171002T135009_N0500_R110_T25WER_20230817T124207_r10496_c0256,KQ,sza_70_75,UNet_OT,EPSG:32625,EPSG:32625,0
S2B_MSIL1C_20171002T135009_N0500_R110_T25WER_20230817T124207_r10496_c1024,KQ,sza_70_75,UNet_OT,EPSG:32625,EPSG:32625,0
S2B_MSIL1C_20171002T135009_N0500_R110_T25WER_20230817T124207_r10496_c3072,KQ,sza_70_75,UNet_OT,EPSG:32625,EPSG:32625,0
S2B_MSIL1C_20171002T135009_N0500_R110_T25WER_20230817T124207_r1280_c3072,KQ,sza_70_75,UNet_OT,EPSG:32625,EPSG:32625,0
S2B_MSIL1C_20171002T135009_N0500_R110_T25WER_20230817T124207_r4608_c6656,KQ,sza_70_75,UNet_OT,EPSG:32625,EPSG:32625,0
S2B_MSIL1C_20171002T135009_N0500_R110_T25WER_20230817T124207_r7168_c7168,KQ,sza_70_75,UNet_OT,EPSG:32625,EPSG:32625,0
S2B_MSIL1C_20171002T135009_N0500_R110_T25WER_20230817T124207_r8192_c2048,KQ,sza_70_75,UNet_OT,EPSG:32625,EPSG:32625,0
S2B_MSIL1C_20171002T135009_N0500_R110_T25WER_20230817T124207_r8448_c2816,KQ,sza_70_75,UNet_OT,EPSG:32625,EPSG:32625,0
S2B_MSIL1C_20171002T135009_N0500_R110_T25WER_20230817T124207_r8448_c3840,KQ,sza_70_75,UNet_OT,EPSG:32625,EPSG:32625,0
S2B_MSIL1C_20171002T135009_N0500_R110_T25WER_20230817T124207_r8704_c2816,KQ,sza_70_75,UNet_OT,EPSG:32625,EPSG:32625,0
S2B_MSIL1C_20171002T135009_N0500_R110_T25WER_20230817T124207_r9216_c4352,KQ,sza_70_75,UNet_OT,EPSG:32625,EPSG:32625,0
S2B_MSIL1C_20171002T135009_N0500_R110_T25WER_20230817T124207_r9472_c9728,KQ,sza_70_75,UNet_OT,EPSG:32625,EPSG:32625,0
S2B_MSIL1C_20171002T135009_N0500_R110_T25WER_20230817T124207_r9728_c0768,KQ,sza_70_75,UNet_OT,EPSG:32625,EPSG:32625,0
S2B_MSIL1C_20171002T135009_N0500_R110_T25WER_20230817T124207_r9984_c0768,KQ,sza_70_75,UNet_OT,EPSG:32625,EPSG:32625,0
S2B_MSIL1C_20181003T141019_N0500_R053_T25WDQ_20230619T164213_r0000_c10496,KQ,sza_70_75,UNet_OT,EPSG:32625,EPSG:32625,0
S2B_MSIL1C_20181003T141019_N0500_R053_T25WDQ_20230619T164213_r0512_c10496,KQ,sza_70_75,UNet_OT,EPSG:32625,EPSG:32625,0
S2B_MSIL1C_20181003T141019_N0500_R053_T25WEQ_20230619T164213_r0000_c1024,KQ,sza_70_75,UNet_OT,EPSG:32625,EPSG:32625,0
S2B_MSIL1C_20181003T141019_N0500_R053_T25WEQ_20230619T164213_r0512_c0768,KQ,sza_70_75,UNet_OT,EPSG:32625,EPSG:32625,0
S2B_MSIL1C_20201009T140009_N0500_R010_T25WEQ_20230305T173153_r0512_c7168,KQ,sza_70_75,UNet_OT,EPSG:32625,EPSG:32625,0
S2B_MSIL1C_20201009T140009_N0500_R010_T25WEQ_20230305T173153_r0768_c1280,KQ,sza_70_75,UNet_OT,EPSG:32625,EPSG:32625,0
S2B_MSIL1C_20201009T140009_N0500_R010_T25WES_20230305T173153_r9472_c2048,KQ,sza_70_75,UNet_OT,EPSG:32625,EPSG:32625,0
S2B_MSIL1C_20211001T134859_N0500_R110_T25WDR_20230112T231721_r9472_c10240,KQ,sza_70_75,UNet_OT,EPSG:32625,EPSG:32625,0
S2B_MSIL1C_20211001T134859_N0500_R110_T25WEQ_20230112T231721_r0512_c6144,KQ,sza_70_75,UNet_OT,EPSG:32625,EPSG:32625,0
S2B_MSIL1C_20211001T134859_N0500_R110_T25WER_20230112T231721_r10240_c6400,KQ,sza_70_75,UNet_OT,EPSG:32625,EPSG:32625,0
S2B_MSIL1C_20211001T134859_N0500_R110_T25WER_20230112T231721_r3328_c2816,KQ,sza_70_75,UNet_OT,EPSG:32625,EPSG:32625,0
S2B_MSIL1C_20211001T134859_N0500_R110_T25WER_20230112T231721_r3328_c3072,KQ,sza_70_75,UNet_OT,EPSG:32625,EPSG:32625,0
S2B_MSIL1C_20211001T134859_N0500_R110_T25WER_20230112T231721_r3840_c3584,KQ,sza_70_75,UNet_OT,EPSG:32625,EPSG:32625,0
S2B_MSIL1C_20211001T134859_N0500_R110_T25WER_20230112T231721_r3840_c4608,KQ,sza_70_75,UNet_OT,EPSG:32625,EPSG:32625,0
S2B_MSIL1C_20211001T134859_N0500_R110_T25WER_20230112T231721_r5376_c4096,KQ,sza_70_75,UNet_OT,EPSG:32625,EPSG:32625,0
S2B_MSIL1C_20211001T134859_N0500_R110_T25WER_20230112T231721_r6144_c3840,KQ,sza_70_75,UNet_OT,EPSG:32625,EPSG:32625,0
S2B_MSIL1C_20211001T134859_N0500_R110_T25WER_20230112T231721_r6912_c5632,KQ,sza_70_75,UNet_OT,EPSG:32625,EPSG:32625,0
S2B_MSIL1C_20211001T134859_N0500_R110_T25WER_20230112T231721_r7168_c3072,KQ,sza_70_75,UNet_OT,EPSG:32625,EPSG:32625,0
S2B_MSIL1C_20211001T134859_N0500_R110_T25WER_20230112T231721_r7936_c4096,KQ,sza_70_75,UNet_OT,EPSG:32625,EPSG:32625,0
S2B_MSIL1C_20211001T134859_N0500_R110_T25WER_20230112T231721_r7936_c6912,KQ,sza_70_75,UNet_OT,EPSG:32625,EPSG:32625,0
S2B_MSIL1C_20211001T134859_N0500_R110_T25WER_20230112T231721_r8448_c2048,KQ,sza_70_75,UNet_OT,EPSG:32625,EPSG:32625,0
S2B_MSIL1C_20211001T134859_N0500_R110_T25WER_20230112T231721_r8704_c6400,KQ,sza_70_75,UNet_OT,EPSG:32625,EPSG:32625,0
S2B_MSIL1C_20211001T134859_N0500_R110_T25WER_20230112T231721_r8960_c5632,KQ,sza_70_75,UNet_OT,EPSG:32625,EPSG:32625,0
S2B_MSIL1C_20211001T134859_N0500_R110_T25WER_20230112T231721_r9728_c4352,KQ,sza_70_75,UNet_OT,EPSG:32625,EPSG:32625,0
S2B_MSIL1C_20211001T134859_N0500_R110_T25WER_20230112T231721_r9984_c0768,KQ,sza_70_75,UNet_OT,EPSG:32625,EPSG:32625,0
S2B_MSIL1C_20211001T134859_N0500_R110_T25WER_20230112T231721_r9984_c2048,KQ,sza_70_75,UNet_OT,EPSG:32625,EPSG:32625,0
S2B_MSIL1C_20221005T141949_N0510_R096_T24WWU_20240727T202953_r4608_c7168,SK,sza_70_75,UNet_OT,EPSG:32624,EPSG:32624,0
S2B_MSIL1C_20221005T141949_N0510_R096_T24WWU_20240727T202953_r5632_c6656,SK,sza_70_75,UNet_OT,EPSG:32624,EPSG:32624,0
S2B_MSIL1C_20221005T141949_N0510_R096_T24WWU_20240727T202953_r6144_c5376,SK,sza_70_75,UNet_OT,EPSG:32624,EPSG:32624,0
S2B_MSIL1C_20221005T141949_N0510_R096_T24WWU_20240727T202953_r6144_c5632,SK,sza_70_75,UNet_OT,EPSG:32624,EPSG:32624,0
S2B_MSIL1C_20221005T141949_N0510_R096_T24WWU_20240727T202953_r6144_c6400,SK,sza_70_75,UNet_OT,EPSG:32624,EPSG:32624,0
S2B_MSIL1C_20221005T141949_N0510_R096_T24WWU_20240727T202953_r8960_c2560,SK,sza_70_75,UNet_OT,EPSG:32624,EPSG:32624,0
S2A_MSIL1C_20181001T142141_N0500_R096_T25WES_20230808T044242_r9472_c2048,KQ,sza_70_75,UNet_CRF,EPSG:32625,EPSG:32625,0
S2A_MSIL1C_20181001T142141_N0500_R096_T25WES_20230808T044242_r9728_c2048,KQ,sza_70_75,UNet_CRF,EPSG:32625,EPSG:32625,0
S2A_MSIL1C_20201003T143041_N0500_R139_T24WWU_20230306T133643_r6656_c5632,SK,sza_70_75,UNet_CRF,EPSG:32624,EPSG:32624,0
S2A_MSIL1C_20201003T143041_N0500_R139_T24WWU_20230306T133643_r7424_c4864,SK,sza_70_75,UNet_CRF,EPSG:32624,EPSG:32624,0
S2A_MSIL1C_20201003T143041_N0500_R139_T24WWU_20230306T133643_r7936_c2560,SK,sza_70_75,UNet_CRF,EPSG:32624,EPSG:32624,0
S2A_MSIL1C_20221004T140031_N0510_R010_T25WES_20240721T141025_r10496_c1792,KQ,sza_70_75,UNet_CRF,EPSG:32625,EPSG:32625,0
S2A_MSIL1C_20221004T140031_N0510_R010_T25WES_20240721T141025_r9984_c1792,KQ,sza_70_75,UNet_CRF,EPSG:32625,EPSG:32625,0
S2B_MSIL1C_20171002T135009_N0500_R110_T25WER_20230817T124207_r1280_c3072,KQ,sza_70_75,UNet_CRF,EPSG:32625,EPSG:32625,0
S2B_MSIL1C_20171002T135009_N0500_R110_T25WER_20230817T124207_r8192_c2048,KQ,sza_70_75,UNet_CRF,EPSG:32625,EPSG:32625,0
S2B_MSIL1C_20181003T141019_N0500_R053_T25WDQ_20230619T164213_r0000_c10496,KQ,sza_70_75,UNet_CRF,EPSG:32625,EPSG:32625,0
S2B_MSIL1C_20181003T141019_N0500_R053_T25WEQ_20230619T164213_r0000_c1024,KQ,sza_70_75,UNet_CRF,EPSG:32625,EPSG:32625,0
S2B_MSIL1C_20201009T140009_N0500_R010_T25WES_20230305T173153_r9472_c2048,KQ,sza_70_75,UNet_CRF,EPSG:32625,EPSG:32625,0
S2B_MSIL1C_20211001T134859_N0500_R110_T25WER_20230112T231721_r3328_c3072,KQ,sza_70_75,UNet_CRF,EPSG:32625,EPSG:32625,0
S2B_MSIL1C_20211001T134859_N0500_R110_T25WER_20230112T231721_r3840_c3584,KQ,sza_70_75,UNet_CRF,EPSG:32625,EPSG:32625,0
S2B_MSIL1C_20211001T134859_N0500_R110_T25WER_20230112T231721_r3840_c4608,KQ,sza_70_75,UNet_CRF,EPSG:32625,EPSG:32625,0
S2B_MSIL1C_20211001T134859_N0500_R110_T25WER_20230112T231721_r5376_c4096,KQ,sza_70_75,UNet_CRF,EPSG:32625,EPSG:32625,0
S2B_MSIL1C_20211001T134859_N0500_R110_T25WER_20230112T231721_r6144_c3840,KQ,sza_70_75,UNet_CRF,EPSG:32625,EPSG:32625,0
S2B_MSIL1C_20211001T134859_N0500_R110_T25WER_20230112T231721_r7168_c3072,KQ,sza_70_75,UNet_CRF,EPSG:32625,EPSG:32625,0
S2B_MSIL1C_20221005T141949_N0510_R096_T24WWU_20240727T202953_r4608_c7168,SK,sza_70_75,UNet_CRF,EPSG:32624,EPSG:32624,0
S2B_MSIL1C_20221005T141949_N0510_R096_T24WWU_20240727T202953_r5632_c6656,SK,sza_70_75,UNet_CRF,EPSG:32624,EPSG:32624,0
S2B_MSIL1C_20221005T141949_N0510_R096_T24WWU_20240727T202953_r6144_c5376,SK,sza_70_75,UNet_CRF,EPSG:32624,EPSG:32624,0
S2B_MSIL1C_20221005T141949_N0510_R096_T24WWU_20240727T202953_r6144_c5632,SK,sza_70_75,UNet_CRF,EPSG:32624,EPSG:32624,0
S2B_MSIL1C_20221005T141949_N0510_R096_T24WWU_20240727T202953_r6144_c6400,SK,sza_70_75,UNet_CRF,EPSG:32624,EPSG:32624,0
S2A_MSIL1C_20161107T141402_N0500_R053_T24WVT_20230921T211238_r9472_c9984,SK,sza_gt75,UNet,EPSG:32624,EPSG:32624,0
S2A_MSIL1C_20161107T141402_N0500_R053_T24WWT_20230921T211238_r6400_c0000,SK,sza_gt75,UNet,EPSG:32624,EPSG:32624,0
S2A_MSIL1C_20161107T141402_N0500_R053_T24WWT_20230921T211238_r8448_c0768,SK,sza_gt75,UNet,EPSG:32624,EPSG:32624,0
S2A_MSIL1C_20171102T141341_N0500_R053_T24WWT_20230720T212316_r0768_c4096,SK,sza_gt75,UNet,EPSG:32624,EPSG:32624,0
S2A_MSIL1C_20171102T141341_N0500_R053_T24WWU_20230720T212316_r4096_c4096,SK,sza_gt75,UNet,EPSG:32624,EPSG:32624,0
S2A_MSIL1C_20171102T141341_N0500_R053_T24WWU_20230720T212316_r4352_c5888,SK,sza_gt75,UNet,EPSG:32624,EPSG:32624,0
S2A_MSIL1C_20171102T141341_N0500_R053_T24WWU_20230720T212316_r5376_c6400,SK,sza_gt75,UNet,EPSG:32624,EPSG:32624,0
S2A_MSIL1C_20171102T141341_N0500_R053_T24WWU_20230720T212316_r5632_c4608,SK,sza_gt75,UNet,EPSG:32624,EPSG:32624,0
S2A_MSIL1C_20171102T141341_N0500_R053_T24WWU_20230720T212316_r5888_c5632,SK,sza_gt75,UNet,EPSG:32624,EPSG:32624,0
S2A_MSIL1C_20171102T141341_N0500_R053_T24WWU_20230720T212316_r6912_c5376,SK,sza_gt75,UNet,EPSG:32624,EPSG:32624,0
S2A_MSIL1C_20201102T143351_N0500_R139_T24WVT_20230318T171809_r5120_c9984,SK,sza_gt75,UNet,EPSG:32624,EPSG:32624,0
S2A_MSIL1C_20201102T143351_N0500_R139_T24WWT_20230318T171809_r3584_c0256,SK,sza_gt75,UNet,EPSG:32624,EPSG:32624,0
S2A_MSIL1C_20201102T143351_N0500_R139_T24WWT_20230318T171809_r4096_c0256,SK,sza_gt75,UNet,EPSG:32624,EPSG:32624,0
S2A_MSIL1C_20201102T143351_N0500_R139_T24WWU_20230318T171809_r6912_c5120,SK,sza_gt75,UNet,EPSG:32624,EPSG:32624,0
S2A_MSIL1C_20201102T143351_N0500_R139_T24WWU_20230318T171809_r6912_c5632,SK,sza_gt75,UNet,EPSG:32624,EPSG:32624,0
S2A_MSIL1C_20201102T143351_N0500_R139_T24WWU_20230318T171809_r7168_c5120,SK,sza_gt75,UNet,EPSG:32624,EPSG:32624,0
S2A_MSIL1C_20211101T141331_N0500_R053_T24WWU_20221228T011417_r4096_c4096,SK,sza_gt75,UNet,EPSG:32624,EPSG:32624,0
S2A_MSIL1C_20211101T141331_N0500_R053_T24WWU_20221228T011417_r5888_c6144,SK,sza_gt75,UNet,EPSG:32624,EPSG:32624,0
S2A_MSIL1C_20211101T141331_N0500_R053_T24WWU_20221228T011417_r6400_c5120,SK,sza_gt75,UNet,EPSG:32624,EPSG:32624,0
S2A_MSIL1C_20211101T141331_N0500_R053_T24WWU_20221228T011417_r6656_c4864,SK,sza_gt75,UNet,EPSG:32624,EPSG:32624,0
S2A_MSIL1C_20211101T141331_N0500_R053_T24WWU_20221228T011417_r7168_c4864,SK,sza_gt75,UNet,EPSG:32624,EPSG:32624,0
S2A_MSIL1C_20211101T141331_N0500_R053_T24WWU_20221228T011417_r9216_c4096,SK,sza_gt75,UNet,EPSG:32624,EPSG:32624,0
S2A_MSIL1C_20221102T143351_N0510_R139_T24WWT_20240715T155321_r2560_c2560,SK,sza_gt75,UNet,EPSG:32624,EPSG:32624,0
S2A_MSIL1C_20221102T143351_N0510_R139_T24WWT_20240715T155321_r3072_c1536,SK,sza_gt75,UNet,EPSG:32624,EPSG:32624,0
S2A_MSIL1C_20221102T143351_N0510_R139_T24WWT_20240715T155321_r5632_c0512,SK,sza_gt75,UNet,EPSG:32624,EPSG:32624,0
S2A_MSIL1C_20221102T143351_N0510_R139_T24WWU_20240715T155321_r6656_c5376,SK,sza_gt75,UNet,EPSG:32624,EPSG:32624,0
S2B_MSIL1C_20181102T141339_N0500_R053_T24WWT_20230617T110018_r4096_c10240,SK,sza_gt75,UNet,EPSG:32624,EPSG:32624,0
S2B_MSIL1C_20181102T141339_N0500_R053_T24WWT_20230617T110018_r4096_c9472,SK,sza_gt75,UNet,EPSG:32624,EPSG:32624,0
S2B_MSIL1C_20181102T141339_N0500_R053_T24WXT_20230617T110018_r5120_c0768,SK,sza_gt75,UNet,EPSG:32624,EPSG:32624,0
S2B_MSIL1C_20191001T142009_N0500_R096_T24WWU_20230612T151249_r7936_c4864,SK,sza_gt75,UNet,EPSG:32624,EPSG:32624,0
S2B_MSIL1C_20191104T140249_N0500_R010_T25WER_20230525T120804_r3328_c4096,KQ,sza_gt75,UNet,EPSG:32625,EPSG:32625,0
S2B_MSIL1C_20191104T140249_N0500_R010_T25WER_20230525T120804_r5120_c4096,KQ,sza_gt75,UNet,EPSG:32625,EPSG:32625,0
S2B_MSIL1C_20191104T140249_N0500_R010_T25WER_20230525T120804_r8448_c2048,KQ,sza_gt75,UNet,EPSG:32625,EPSG:32625,0
S2B_MSIL1C_20201104T142359_N0500_R096_T24WWU_20230318T134630_r8704_c4096,SK,sza_gt75,UNet,EPSG:32624,EPSG:32624,0
S2B_MSIL1C_20201104T142359_N0500_R096_T24WWU_20230318T134630_r8960_c3072,SK,sza_gt75,UNet,EPSG:32624,EPSG:32624,0
S2B_MSIL1C_20211103T140249_N0500_R010_T25WEQ_20230101T103834_r0512_c4096,KQ,sza_gt75,UNet,EPSG:32625,EPSG:32625,0
S2B_MSIL1C_20211103T140249_N0500_R010_T25WEQ_20230101T103834_r0768_c3328,KQ,sza_gt75,UNet,EPSG:32625,EPSG:32625,0
S2B_MSIL1C_20211103T140249_N0500_R010_T25WER_20230101T103834_r3072_c4096,KQ,sza_gt75,UNet,EPSG:32625,EPSG:32625,0
S2B_MSIL1C_20211103T140249_N0500_R010_T25WER_20230101T103834_r3328_c3584,KQ,sza_gt75,UNet,EPSG:32625,EPSG:32625,0
S2B_MSIL1C_20211103T140249_N0500_R010_T25WER_20230101T103834_r5120_c3584,KQ,sza_gt75,UNet,EPSG:32625,EPSG:32625,0
S2B_MSIL1C_20211103T140249_N0500_R010_T25WER_20230101T103834_r5632_c5120,KQ,sza_gt75,UNet,EPSG:32625,EPSG:32625,0
S2B_MSIL1C_20211103T140249_N0500_R010_T25WER_20230101T103834_r8448_c1024,KQ,sza_gt75,UNet,EPSG:32625,EPSG:32625,0
S2B_MSIL1C_20211103T140249_N0500_R010_T25WER_20230101T103834_r9984_c1024,KQ,sza_gt75,UNet,EPSG:32625,EPSG:32625,0
S2A_MSIL1C_20161107T141402_N0500_R053_T24WVT_20230921T211238_r9472_c9984,SK,sza_gt75,UNet_TR,EPSG:32624,EPSG:32624,0
S2A_MSIL1C_20161107T141402_N0500_R053_T24WWT_20230921T211238_r10496_c5120,SK,sza_gt75,UNet_TR,EPSG:32624,EPSG:32624,0
S2A_MSIL1C_20161107T141402_N0500_R053_T24WWT_20230921T211238_r6400_c0000,SK,sza_gt75,UNet_TR,EPSG:32624,EPSG:32624,0
S2A_MSIL1C_20161107T141402_N0500_R053_T24WWT_20230921T211238_r8448_c0768,SK,sza_gt75,UNet_TR,EPSG:32624,EPSG:32624,0
S2A_MSIL1C_20171102T141341_N0500_R053_T24WWT_20230720T212316_r0768_c4096,SK,sza_gt75,UNet_TR,EPSG:32624,EPSG:32624,0
S2A_MSIL1C_20171102T141341_N0500_R053_T24WWT_20230720T212316_r2816_c4352,SK,sza_gt75,UNet_TR,EPSG:32624,EPSG:32624,0
S2A_MSIL1C_20171102T141341_N0500_R053_T24WWU_20230720T212316_r4096_c4096,SK,sza_gt75,UNet_TR,EPSG:32624,EPSG:32624,0
S2A_MSIL1C_20171102T141341_N0500_R053_T24WWU_20230720T212316_r4352_c5888,SK,sza_gt75,UNet_TR,EPSG:32624,EPSG:32624,0
S2A_MSIL1C_20171102T141341_N0500_R053_T24WWU_20230720T212316_r5376_c6400,SK,sza_gt75,UNet_TR,EPSG:32624,EPSG:32624,0
S2A_MSIL1C_20171102T141341_N0500_R053_T24WWU_20230720T212316_r5632_c4608,SK,sza_gt75,UNet_TR,EPSG:32624,EPSG:32624,0
S2A_MSIL1C_20171102T141341_N0500_R053_T24WWU_20230720T212316_r5888_c5632,SK,sza_gt75,UNet_TR,EPSG:32624,EPSG:32624,0
S2A_MSIL1C_20171102T141341_N0500_R053_T24WWU_20230720T212316_r6912_c5376,SK,sza_gt75,UNet_TR,EPSG:32624,EPSG:32624,0
S2A_MSIL1C_20171102T141341_N0500_R053_T24WWU_20230720T212316_r8704_c2560,SK,sza_gt75,UNet_TR,EPSG:32624,EPSG:32624,0
S2A_MSIL1C_20201102T143351_N0500_R139_T24WVT_20230318T171809_r5120_c9984,SK,sza_gt75,UNet_TR,EPSG:32624,EPSG:32624,0
S2A_MSIL1C_20201102T143351_N0500_R139_T24WWT_20230318T171809_r3584_c0256,SK,sza_gt75,UNet_TR,EPSG:32624,EPSG:32624,0
S2A_MSIL1C_20201102T143351_N0500_R139_T24WWT_20230318T171809_r4096_c0256,SK,sza_gt75,UNet_TR,EPSG:32624,EPSG:32624,0
S2A_MSIL1C_20201102T143351_N0500_R139_T24WWU_20230318T171809_r6912_c5120,SK,sza_gt75,UNet_TR,EPSG:32624,EPSG:32624,0
S2A_MSIL1C_20201102T143351_N0500_R139_T24WWU_20230318T171809_r6912_c5632,SK,sza_gt75,UNet_TR,EPSG:32624,EPSG:32624,0
S2A_MSIL1C_20201102T143351_N0500_R139_T24WWU_20230318T171809_r7168_c5120,SK,sza_gt75,UNet_TR,EPSG:32624,EPSG:32624,0
S2A_MSIL1C_20211101T141331_N0500_R053_T24WWU_20221228T011417_r4096_c4096,SK,sza_gt75,UNet_TR,EPSG:32624,EPSG:32624,0
S2A_MSIL1C_20211101T141331_N0500_R053_T24WWU_20221228T011417_r5888_c6144,SK,sza_gt75,UNet_TR,EPSG:32624,EPSG:32624,0
S2A_MSIL1C_20211101T141331_N0500_R053_T24WWU_20221228T011417_r6400_c5120,SK,sza_gt75,UNet_TR,EPSG:32624,EPSG:32624,0
S2A_MSIL1C_20211101T141331_N0500_R053_T24WWU_20221228T011417_r6656_c4864,SK,sza_gt75,UNet_TR,EPSG:32624,EPSG:32624,0
S2A_MSIL1C_20211101T141331_N0500_R053_T24WWU_20221228T011417_r7168_c4864,SK,sza_gt75,UNet_TR,EPSG:32624,EPSG:32624,0
S2A_MSIL1C_20211101T141331_N0500_R053_T24WWU_20221228T011417_r8704_c2816,SK,sza_gt75,UNet_TR,EPSG:32624,EPSG:32624,0
S2A_MSIL1C_20211101T141331_N0500_R053_T24WWU_20221228T011417_r9216_c4096,SK,sza_gt75,UNet_TR,EPSG:32624,EPSG:32624,0
S2A_MSIL1C_20221102T143351_N0510_R139_T24WWT_20240715T155321_r2560_c2560,SK,sza_gt75,UNet_TR,EPSG:32624,EPSG:32624,0
S2A_MSIL1C_20221102T143351_N0510_R139_T24WWT_20240715T155321_r3072_c1536,SK,sza_gt75,UNet_TR,EPSG:32624,EPSG:32624,0
S2A_MSIL1C_20221102T143351_N0510_R139_T24WWT_20240715T155321_r5632_c0512,SK,sza_gt75,UNet_TR,EPSG:32624,EPSG:32624,0
S2A_MSIL1C_20221102T143351_N0510_R139_T24WWU_20240715T155321_r6656_c5376,SK,sza_gt75,UNet_TR,EPSG:32624,EPSG:32624,0
S2B_MSIL1C_20181102T141339_N0500_R053_T24WWT_20230617T110018_r4096_c10240,SK,sza_gt75,UNet_TR,EPSG:32624,EPSG:32624,0
S2B_MSIL1C_20181102T141339_N0500_R053_T24WWT_20230617T110018_r4096_c9472,SK,sza_gt75,UNet_TR,EPSG:32624,EPSG:32624,0
S2B_MSIL1C_20181102T141339_N0500_R053_T24WWT_20230617T110018_r6656_c7424,SK,sza_gt75,UNet_TR,EPSG:32624,EPSG:32624,0
S2B_MSIL1C_20181102T141339_N0500_R053_T24WXT_20230617T110018_r5120_c0768,SK,sza_gt75,UNet_TR,EPSG:32624,EPSG:32624,0
S2B_MSIL1C_20191001T142009_N0500_R096_T24WWU_20230612T151249_r7936_c4864,SK,sza_gt75,UNet_TR,EPSG:32624,EPSG:32624,0
S2B_MSIL1C_20191104T140249_N0500_R010_T25WER_20230525T120804_r3328_c4096,KQ,sza_gt75,UNet_TR,EPSG:32625,EPSG:32625,0
S2B_MSIL1C_20191104T140249_N0500_R010_T25WER_20230525T120804_r5120_c4096,KQ,sza_gt75,UNet_TR,EPSG:32625,EPSG:32625,0
S2B_MSIL1C_20191104T140249_N0500_R010_T25WER_20230525T120804_r8448_c2048,KQ,sza_gt75,UNet_TR,EPSG:32625,EPSG:32625,0
S2B_MSIL1C_20201104T142359_N0500_R096_T24WWU_20230318T134630_r8704_c4096,SK,sza_gt75,UNet_TR,EPSG:32624,EPSG:32624,0
S2B_MSIL1C_20201104T142359_N0500_R096_T24WWU_20230318T134630_r8960_c3072,SK,sza_gt75,UNet_TR,EPSG:32624,EPSG:32624,0
S2B_MSIL1C_20211103T140249_N0500_R010_T25WEQ_20230101T103834_r0512_c4096,KQ,sza_gt75,UNet_TR,EPSG:32625,EPSG:32625,0
S2B_MSIL1C_20211103T140249_N0500_R010_T25WEQ_20230101T103834_r0768_c3328,KQ,sza_gt75,UNet_TR,EPSG:32625,EPSG:32625,0
S2B_MSIL1C_20211103T140249_N0500_R010_T25WER_20230101T103834_r3072_c4096,KQ,sza_gt75,UNet_TR,EPSG:32625,EPSG:32625,0
S2B_MSIL1C_20211103T140249_N0500_R010_T25WER_20230101T103834_r3328_c3584,KQ,sza_gt75,UNet_TR,EPSG:32625,EPSG:32625,0
S2B_MSIL1C_20211103T140249_N0500_R010_T25WER_20230101T103834_r5120_c3584,KQ,sza_gt75,UNet_TR,EPSG:32625,EPSG:32625,0
S2B_MSIL1C_20211103T140249_N0500_R010_T25WER_20230101T103834_r5632_c5120,KQ,sza_gt75,UNet_TR,EPSG:32625,EPSG:32625,0
S2B_MSIL1C_20211103T140249_N0500_R010_T25WER_20230101T103834_r8448_c1024,KQ,sza_gt75,UNet_TR,EPSG:32625,EPSG:32625,0
S2B_MSIL1C_20211103T140249_N0500_R010_T25WER_20230101T103834_r9984_c1024,KQ,sza_gt75,UNet_TR,EPSG:32625,EPSG:32625,0
S2A_MSIL1C_20161107T141402_N0500_R053_T24WVT_20230921T211238_r6144_c9984,SK,sza_gt75,UNet_OT,EPSG:32624,EPSG:32624,0
S2A_MSIL1C_20161107T141402_N0500_R053_T24WVT_20230921T211238_r9472_c9984,SK,sza_gt75,UNet_OT,EPSG:32624,EPSG:32624,0
S2A_MSIL1C_20161107T141402_N0500_R053_T24WWT_20230921T211238_r10496_c5120,SK,sza_gt75,UNet_OT,EPSG:32624,EPSG:32624,0
S2A_MSIL1C_20161107T141402_N0500_R053_T24WWT_20230921T211238_r6400_c0000,SK,sza_gt75,UNet_OT,EPSG:32624,EPSG:32624,0
S2A_MSIL1C_20161107T141402_N0500_R053_T24WWT_20230921T211238_r8448_c0768,SK,sza_gt75,UNet_OT,EPSG:32624,EPSG:32624,0
S2A_MSIL1C_20161107T141402_N0500_R053_T24WWT_20230921T211238_r9472_c1792,SK,sza_gt75,UNet_OT,EPSG:32624,EPSG:32624,0
S2A_MSIL1C_20171102T141341_N0500_R053_T24WWT_20230720T212316_r0768_c4096,SK,sza_gt75,UNet_OT,EPSG:32624,EPSG:32624,0
S2A_MSIL1C_20171102T141341_N0500_R053_T24WWT_20230720T212316_r2560_c4352,SK,sza_gt75,UNet_OT,EPSG:32624,EPSG:32624,0
S2A_MSIL1C_20171102T141341_N0500_R053_T24WWT_20230720T212316_r2816_c4352,SK,sza_gt75,UNet_OT,EPSG:32624,EPSG:32624,0
S2A_MSIL1C_20171102T141341_N0500_R053_T24WWT_20230720T212316_r3584_c2304,SK,sza_gt75,UNet_OT,EPSG:32624,EPSG:32624,0
S2A_MSIL1C_20171102T141341_N0500_R053_T24WWT_20230720T212316_r7936_c2048,SK,sza_gt75,UNet_OT,EPSG:32624,EPSG:32624,0
S2A_MSIL1C_20171102T141341_N0500_R053_T24WWU_20230720T212316_r4096_c4096,SK,sza_gt75,UNet_OT,EPSG:32624,EPSG:32624,0
S2A_MSIL1C_20171102T141341_N0500_R053_T24WWU_20230720T212316_r4352_c5888,SK,sza_gt75,UNet_OT,EPSG:32624,EPSG:32624,0
S2A_MSIL1C_20171102T141341_N0500_R053_T24WWU_20230720T212316_r5376_c6400,SK,sza_gt75,UNet_OT,EPSG:32624,EPSG:32624,0
S2A_MSIL1C_20171102T141341_N0500_R053_T24WWU_20230720T212316_r5632_c4608,SK,sza_gt75,UNet_OT,EPSG:32624,EPSG:32624,0
S2A_MSIL1C_20171102T141341_N0500_R053_T24WWU_20230720T212316_r5888_c5632,SK,sza_gt75,UNet_OT,EPSG:32624,EPSG:32624,0
S2A_MSIL1C_20171102T141341_N0500_R053_T24WWU_20230720T212316_r6912_c5376,SK,sza_gt75,UNet_OT,EPSG:32624,EPSG:32624,0
S2A_MSIL1C_20171102T141341_N0500_R053_T24WWU_20230720T212316_r8704_c2560,SK,sza_gt75,UNet_OT,EPSG:32624,EPSG:32624,0
S2A_MSIL1C_20201102T143351_N0500_R139_T24WVT_20230318T171809_r5120_c9984,SK,sza_gt75,UNet_OT,EPSG:32624,EPSG:32624,0
S2A_MSIL1C_20201102T143351_N0500_R139_T24WWT_20230318T171809_r3584_c0256,SK,sza_gt75,UNet_OT,EPSG:32624,EPSG:32624,0
S2A_MSIL1C_20201102T143351_N0500_R139_T24WWT_20230318T171809_r4096_c0256,SK,sza_gt75,UNet_OT,EPSG:32624,EPSG:32624,0
S2A_MSIL1C_20201102T143351_N0500_R139_T24WWU_20230318T171809_r6912_c5120,SK,sza_gt75,UNet_OT,EPSG:32624,EPSG:32624,0
S2A_MSIL1C_20201102T143351_N0500_R139_T24WWU_20230318T171809_r6912_c5632,SK,sza_gt75,UNet_OT,EPSG:32624,EPSG:32624,0
S2A_MSIL1C_20201102T143351_N0500_R139_T24WWU_20230318T171809_r7168_c5120,SK,sza_gt75,UNet_OT,EPSG:32624,EPSG:32624,0
S2A_MSIL1C_20211101T141331_N0500_R053_T24WWU_20221228T011417_r4096_c4096,SK,sza_gt75,UNet_OT,EPSG:32624,EPSG:32624,0
S2A_MSIL1C_20211101T141331_N0500_R053_T24WWU_20221228T011417_r5888_c6144,SK,sza_gt75,UNet_OT,EPSG:32624,EPSG:32624,0
S2A_MSIL1C_20211101T141331_N0500_R053_T24WWU_20221228T011417_r6400_c5120,SK,sza_gt75,UNet_OT,EPSG:32624,EPSG:32624,0
S2A_MSIL1C_20211101T141331_N0500_R053_T24WWU_20221228T011417_r6656_c4864,SK,sza_gt75,UNet_OT,EPSG:32624,EPSG:32624,0
S2A_MSIL1C_20211101T141331_N0500_R053_T24WWU_20221228T011417_r7168_c4864,SK,sza_gt75,UNet_OT,EPSG:32624,EPSG:32624,0
S2A_MSIL1C_20211101T141331_N0500_R053_T24WWU_20221228T011417_r8704_c2816,SK,sza_gt75,UNet_OT,EPSG:32624,EPSG:32624,0
S2A_MSIL1C_20211101T141331_N0500_R053_T24WWU_20221228T011417_r9216_c4096,SK,sza_gt75,UNet_OT,EPSG:32624,EPSG:32624,0
S2A_MSIL1C_20221102T143351_N0510_R139_T24WWT_20240715T155321_r2560_c2560,SK,sza_gt75,UNet_OT,EPSG:32624,EPSG:32624,0
S2A_MSIL1C_20221102T143351_N0510_R139_T24WWT_20240715T155321_r3072_c1536,SK,sza_gt75,UNet_OT,EPSG:32624,EPSG:32624,0
S2A_MSIL1C_20221102T143351_N0510_R139_T24WWT_20240715T155321_r5376_c0768,SK,sza_gt75,UNet_OT,EPSG:32624,EPSG:32624,0
S2A_MSIL1C_20221102T143351_N0510_R139_T24WWT_20240715T155321_r5632_c0512,SK,sza_gt75,UNet_OT,EPSG:32624,EPSG:32624,0
S2A_MSIL1C_20221102T143351_N0510_R139_T24WWT_20240715T155321_r5632_c1536,SK,sza_gt75,UNet_OT,EPSG:32624,EPSG:32624,0
S2A_MSIL1C_20221102T143351_N0510_R139_T24WWU_20240715T155321_r6656_c5376,SK,sza_gt75,UNet_OT,EPSG:32624,EPSG:32624,0
S2B_MSIL1C_20181102T141339_N0500_R053_T24WWT_20230617T110018_r4096_c10240,SK,sza_gt75,UNet_OT,EPSG:32624,EPSG:32624,0
S2B_MSIL1C_20181102T141339_N0500_R053_T24WWT_20230617T110018_r4096_c9472,SK,sza_gt75,UNet_OT,EPSG:32624,EPSG:32624,0
S2B_MSIL1C_20181102T141339_N0500_R053_T24WWT_20230617T110018_r6656_c7424,SK,sza_gt75,UNet_OT,EPSG:32624,EPSG:32624,0
S2B_MSIL1C_20181102T141339_N0500_R053_T24WWT_20230617T110018_r6912_c8704,SK,sza_gt75,UNet_OT,EPSG:32624,EPSG:32624,0
S2B_MSIL1C_20181102T141339_N0500_R053_T24WXT_20230617T110018_r5120_c0768,SK,sza_gt75,UNet_OT,EPSG:32624,EPSG:32624,0
S2B_MSIL1C_20191001T142009_N0500_R096_T24WWU_20230612T151249_r7936_c4864,SK,sza_gt75,UNet_OT,EPSG:32624,EPSG:32624,0
S2B_MSIL1C_20191104T140249_N0500_R010_T25WER_20230525T120804_r3328_c4096,KQ,sza_gt75,UNet_OT,EPSG:32625,EPSG:32625,0
S2B_MSIL1C_20191104T140249_N0500_R010_T25WER_20230525T120804_r5120_c4096,KQ,sza_gt75,UNet_OT,EPSG:32625,EPSG:32625,0
S2B_MSIL1C_20191104T140249_N0500_R010_T25WER_20230525T120804_r8448_c2048,KQ,sza_gt75,UNet_OT,EPSG:32625,EPSG:32625,0
S2B_MSIL1C_20201104T142359_N0500_R096_T24WWU_20230318T134630_r8704_c4096,SK,sza_gt75,UNet_OT,EPSG:32624,EPSG:32624,0
S2B_MSIL1C_20201104T142359_N0500_R096_T24WWU_20230318T134630_r8960_c3072,SK,sza_gt75,UNet_OT,EPSG:32624,EPSG:32624,0
S2B_MSIL1C_20211103T140249_N0500_R010_T25WEQ_20230101T103834_r0512_c4096,KQ,sza_gt75,UNet_OT,EPSG:32625,EPSG:32625,0
S2B_MSIL1C_20211103T140249_N0500_R010_T25WEQ_20230101T103834_r0768_c3328,KQ,sza_gt75,UNet_OT,EPSG:32625,EPSG:32625,0
S2B_MSIL1C_20211103T140249_N0500_R010_T25WER_20230101T103834_r3072_c4096,KQ,sza_gt75,UNet_OT,EPSG:32625,EPSG:32625,0
S2B_MSIL1C_20211103T140249_N0500_R010_T25WER_20230101T103834_r3328_c3584,KQ,sza_gt75,UNet_OT,EPSG:32625,EPSG:32625,0
S2B_MSIL1C_20211103T140249_N0500_R010_T25WER_20230101T103834_r5120_c3584,KQ,sza_gt75,UNet_OT,EPSG:32625,EPSG:32625,0
S2B_MSIL1C_20211103T140249_N0500_R010_T25WER_20230101T103834_r5632_c5120,KQ,sza_gt75,UNet_OT,EPSG:32625,EPSG:32625,0
S2B_MSIL1C_20211103T140249_N0500_R010_T25WER_20230101T103834_r9984_c1024,KQ,sza_gt75,UNet_OT,EPSG:32625,EPSG:32625,0
S2B_MSIL1C_20221101T141329_N0510_R053_T24WWT_20240712T091554_r5888_c4352,SK,sza_gt75,UNet_OT,EPSG:32624,EPSG:32624,0
S2A_MSIL1C_20171102T141341_N0500_R053_T24WWT_20230720T212316_r0768_c4096,SK,sza_gt75,UNet_CRF,EPSG:32624,EPSG:32624,0
S2A_MSIL1C_20171102T141341_N0500_R053_T24WWU_20230720T212316_r4352_c5888,SK,sza_gt75,UNet_CRF,EPSG:32624,EPSG:32624,0
S2A_MSIL1C_20171102T141341_N0500_R053_T24WWU_20230720T212316_r5376_c6400,SK,sza_gt75,UNet_CRF,EPSG:32624,EPSG:32624,0
S2A_MSIL1C_20171102T141341_N0500_R053_T24WWU_20230720T212316_r5632_c4608,SK,sza_gt75,UNet_CRF,EPSG:32624,EPSG:32624,0
S2A_MSIL1C_20171102T141341_N0500_R053_T24WWU_20230720T212316_r5888_c5632,SK,sza_gt75,UNet_CRF,EPSG:32624,EPSG:32624,0
S2A_MSIL1C_20171102T141341_N0500_R053_T24WWU_20230720T212316_r6912_c5376,SK,sza_gt75,UNet_CRF,EPSG:32624,EPSG:32624,0
S2A_MSIL1C_20201102T143351_N0500_R139_T24WVT_20230318T171809_r5120_c9984,SK,sza_gt75,UNet_CRF,EPSG:32624,EPSG:32624,0
S2A_MSIL1C_20201102T143351_N0500_R139_T24WWT_20230318T171809_r3584_c0256,SK,sza_gt75,UNet_CRF,EPSG:32624,EPSG:32624,0
S2A_MSIL1C_20201102T143351_N0500_R139_T24WWT_20230318T171809_r4096_c0256,SK,sza_gt75,UNet_CRF,EPSG:32624,EPSG:32624,0
S2A_MSIL1C_20201102T143351_N0500_R139_T24WWU_20230318T171809_r6912_c5120,SK,sza_gt75,UNet_CRF,EPSG:32624,EPSG:32624,0
S2A_MSIL1C_20201102T143351_N0500_R139_T24WWU_20230318T171809_r6912_c5632,SK,sza_gt75,UNet_CRF,EPSG:32624,EPSG:32624,0
S2A_MSIL1C_20201102T143351_N0500_R139_T24WWU_20230318T171809_r7168_c5120,SK,sza_gt75,UNet_CRF,EPSG:32624,EPSG:32624,0
S2A_MSIL1C_20211101T141331_N0500_R053_T24WWU_20221228T011417_r4096_c4096,SK,sza_gt75,UNet_CRF,EPSG:32624,EPSG:32624,0
S2A_MSIL1C_20211101T141331_N0500_R053_T24WWU_20221228T011417_r5888_c6144,SK,sza_gt75,UNet_CRF,EPSG:32624,EPSG:32624,0
S2A_MSIL1C_20211101T141331_N0500_R053_T24WWU_20221228T011417_r6400_c5120,SK,sza_gt75,UNet_CRF,EPSG:32624,EPSG:32624,0
S2A_MSIL1C_20211101T141331_N0500_R053_T24WWU_20221228T011417_r6656_c4864,SK,sza_gt75,UNet_CRF,EPSG:32624,EPSG:32624,0
S2A_MSIL1C_20211101T141331_N0500_R053_T24WWU_20221228T011417_r7168_c4864,SK,sza_gt75,UNet_CRF,EPSG:32624,EPSG:32624,0
S2A_MSIL1C_20211101T141331_N0500_R053_T24WWU_20221228T011417_r9216_c4096,SK,sza_gt75,UNet_CRF,EPSG:32624,EPSG:32624,0
S2A_MSIL1C_20221102T143351_N0510_R139_T24WWT_20240715T155321_r2560_c2560,SK,sza_gt75,UNet_CRF,EPSG:32624,EPSG:32624,0
S2A_MSIL1C_20221102T143351_N0510_R139_T24WWT_20240715T155321_r3072_c1536,SK,sza_gt75,UNet_CRF,EPSG:32624,EPSG:32624,0
S2A_MSIL1C_20221102T143351_N0510_R139_T24WWU_20240715T155321_r6656_c5376,SK,sza_gt75,UNet_CRF,EPSG:32624,EPSG:32624,0
S2B_MSIL1C_20181102T141339_N0500_R053_T24WWT_20230617T110018_r4096_c9472,SK,sza_gt75,UNet_CRF,EPSG:32624,EPSG:32624,0
S2B_MSIL1C_20191001T142009_N0500_R096_T24WWU_20230612T151249_r7936_c4864,SK,sza_gt75,UNet_CRF,EPSG:32624,EPSG:32624,0
S2B_MSIL1C_20191104T140249_N0500_R010_T25WER_20230525T120804_r3328_c4096,KQ,sza_gt75,UNet_CRF,EPSG:32625,EPSG:32625,0
S2B_MSIL1C_20191104T140249_N0500_R010_T25WER_20230525T120804_r5120_c4096,KQ,sza_gt75,UNet_CRF,EPSG:32625,EPSG:32625,0
S2B_MSIL1C_20191104T140249_N0500_R010_T25WER_20230525T120804_r8448_c2048,KQ,sza_gt75,UNet_CRF,EPSG:32625,EPSG:32625,0
S2B_MSIL1C_20201104T142359_N0500_R096_T24WWU_20230318T134630_r8704_c4096,SK,sza_gt75,UNet_CRF,EPSG:32624,EPSG:32624,0
S2B_MSIL1C_20201104T142359_N0500_R096_T24WWU_20230318T134630_r8960_c3072,SK,sza_gt75,UNet_CRF,EPSG:32624,EPSG:32624,0
S2B_MSIL1C_20211103T140249_N0500_R010_T25WEQ_20230101T103834_r0768_c3328,KQ,sza_gt75,UNet_CRF,EPSG:32625,EPSG:32625,0
S2B_MSIL1C_20211103T140249_N0500_R010_T25WER_20230101T103834_r3072_c4096,KQ,sza_gt75,UNet_CRF,EPSG:32625,EPSG:32625,0
S2B_MSIL1C_20211103T140249_N0500_R010_T25WER_20230101T103834_r3328_c3584,KQ,sza_gt75,UNet_CRF,EPSG:32625,EPSG:32625,0
S2B_MSIL1C_20211103T140249_N0500_R010_T25WER_20230101T103834_r5120_c3584,KQ,sza_gt75,UNet_CRF,EPSG:32625,EPSG:32625,0
S2B_MSIL1C_20211103T140249_N0500_R010_T25WER_20230101T103834_r8448_c1024,KQ,sza_gt75,UNet_CRF,EPSG:32625,EPSG:32625,0
S2B_MSIL1C_20211103T140249_N0500_R010_T25WER_20230101T103834_r9984_c1024,KQ,sza_gt75,UNet_CRF,EPSG:32625,EPSG:32625,0
