chip_stem,iter,prev_iter,delta_frac,ice_frac
S2A_MSIL1C_20160918T141002_N0500_R053_T25WDR_20230922T140258_r9728_c9984,1,,,0.0568084716796875
S2A_MSIL1C_20160918T141002_N0500_R053_T25WDR_20230922T140258_r9728_c9984,3,1,0.0035400390625,0.0532684326171875
S2A_MSIL1C_20160918T141002_N0500_R053_T25WDR_20230922T140258_r9728_c9984,5,3,0.0010986328125,0.0521697998046875
S2A_MSIL1C_20160918T141002_N0500_R053_T25WDR_20230922T140258_r9728_c9984,10,5,0.0009765625,0.0511932373046875
S2A_MSIL1C_20160918T141002_N0500_R053_T25WDR_20230922T140258_r9728_c9984,20,10,0.000457763671875,0.0507354736328125
S2A_MSIL1C_20160918T141002_N0500_R053_T25WES_20230922T140258_r10496_c3072,1,,,0.0011749267578125
S2A_MSIL1C_20160918T141002_N0500_R053_T25WES_20230922T140258_r10496_c3072,3,1,0.0010223388671875,0.000152587890625
S2A_MSIL1C_20160918T141002_N0500_R053_T25WES_20230922T140258_r10496_c3072,5,3,0.0001068115234375,4.57763671875e-05
S2A_MSIL1C_20160918T141002_N0500_R053_T25WES_20230922T140258_r10496_c3072,10,5,4.57763671875e-05,0.0
S2A_MSIL1C_20160918T141002_N0500_R053_T25WES_20230922T140258_r10496_c3072,20,10,0.0,0.0
S2A_MSIL1C_20160924T142932_N0500_R139_T24WWT_20231005T183724_r0512_c4352,1,,,6.103515625e-05
S2A_MSIL1C_20160924T142932_N0500_R139_T24WWT_20231005T183724_r0512_c4352,3,1,6.103515625e-05,0.0
S2A_MSIL1C_20160924T142932_N0500_R139_T24WWT_20231005T183724_r0512_c4352,5,3,0.0,0.0
S2A_MSIL1C_20160924T142932_N0500_R139_T24WWT_20231005T183724_r0512_c4352,10,5,0.0,0.0
S2A_MSIL1C_20160924T142932_N0500_R139_T24WWT_20231005T183724_r0512_c4352,20,10,0.0,0.0
S2A_MSIL1C_20160924T142932_N0500_R139_T24WWT_20231005T183724_r2560_c3328,1,,,0.001190185546875
S2A_MSIL1C_20160924T142932_N0500_R139_T24WWT_20231005T183724_r2560_c3328,3,1,0.001190185546875,0.0
S2A_MSIL1C_20160924T142932_N0500_R139_T24WWT_20231005T183724_r2560_c3328,5,3,0.0,0.0
S2A_MSIL1C_20160924T142932_N0500_R139_T24WWT_20231005T183724_r2560_c3328,10,5,0.0,0.0
S2A_MSIL1C_20160924T142932_N0500_R139_T24WWT_20231005T183724_r2560_c3328,20,10,0.0,0.0
S2A_MSIL1C_20161107T141402_N0500_R053_T24WVT_20230921T211238_r6144_c9984,1,,,0.0
S2A_MSIL1C_20161107T141402_N0500_R053_T24WVT_20230921T211238_r6144_c9984,3,1,0.0,0.0
S2A_MSIL1C_20161107T141402_N0500_R053_T24WVT_20230921T211238_r6144_c9984,5,3,0.0,0.0
S2A_MSIL1C_20161107T141402_N0500_R053_T24WVT_20230921T211238_r6144_c9984,10,5,0.0,0.0
S2A_MSIL1C_20161107T141402_N0500_R053_T24WVT_20230921T211238_r6144_c9984,20,10,0.0,0.0
S2A_MSIL1C_20161107T141402_N0500_R053_T24WVT_20230921T211238_r9472_c9984,1,,,1.52587890625e-05
S2A_MSIL1C_20161107T141402_N0500_R053_T24WVT_20230921T211238_r9472_c9984,3,1,1.52587890625e-05,0.0
S2A_MSIL1C_20161107T141402_N0500_R053_T24WVT_20230921T211238_r9472_c9984,5,3,0.0,0.0
S2A_MSIL1C_20161107T141402_N0500_R053_T24WVT_20230921T211238_r9472_c9984,10,5,0.0,0.0
S2A_MSIL1C_20161107T141402_N0500_R053_T24WVT_20230921T211238_r9472_c9984,20,10,0.0,0.0
S2A_MSIL1C_20161107T141402_N0500_R053_T24WWT_20230921T211238_r10496_c5120,1,,,0.0
S2A_MSIL1C_20161107T141402_N0500_R053_T24WWT_20230921T211238_r10496_c5120,3,1,0.0,0.0
S2A_MSIL1C_20161107T141402_N0500_R053_T24WWT_20230921T211238_r10496_c5120,5,3,0.0,0.0
S2A_MSIL1C_20161107T141402_N0500_R053_T24WWT_20230921T211238_r10496_c5120,10,5,0.0,0.0
S2A_MSIL1C_20161107T141402_N0500_R053_T24WWT_20230921T211238_r10496_c5120,20,10,0.0,0.0
S2A_MSIL1C_20161107T141402_N0500_R053_T24WWT_20230921T211238_r6400_c0000,1,,,0.000244140625
S2A_MSIL1C_20161107T141402_N0500_R053_T24WWT_20230921T211238_r6400_c0000,3,1,0.000244140625,0.0
S2A_MSIL1C_20161107T141402_N0500_R053_T24WWT_20230921T211238_r6400_c0000,5,3,0.0,0.0
S2A_MSIL1C_20161107T141402_N0500_R053_T24WWT_20230921T211238_r6400_c0000,10,5,0.0,0.0
S2A_MSIL1C_20161107T141402_N0500_R053_T24WWT_20230921T211238_r6400_c0000,20,10,0.0,0.0
S2A_MSIL1C_20161107T141402_N0500_R053_T24WWT_20230921T211238_r8448_c0768,1,,,0.0
S2A_MSIL1C_20161107T141402_N0500_R053_T24WWT_20230921T211238_r8448_c0768,3,1,0.0,0.0
S2A_MSIL1C_20161107T141402_N0500_R053_T24WWT_20230921T211238_r8448_c0768,5,3,0.0,0.0
S2A_MSIL1C_20161107T141402_N0500_R053_T24WWT_20230921T211238_r8448_c0768,10,5,0.0,0.0
S2A_MSIL1C_20161107T141402_N0500_R053_T24WWT_20230921T211238_r8448_c0768,20,10,0.0,0.0
S2A_MSIL1C_20161107T141402_N0500_R053_T24WWT_20230921T211238_r9472_c1792,1,,,0.0
S2A_MSIL1C_20161107T141402_N0500_R053_T24WWT_20230921T211238_r9472_c1792,3,1,0.0,0.0
S2A_MSIL1C_20161107T141402_N0500_R053_T24WWT_20230921T211238_r9472_c1792,5,3,0.0,0.0
S2A_MSIL1C_20161107T141402_N0500_R053_T24WWT_20230921T211238_r9472_c1792,10,5,0.0,0.0
S2A_MSIL1C_20161107T141402_N0500_R053_T24WWT_20230921T211238_r9472_c1792,20,10,0.0,0.0
S2A_MSIL1C_20171102T141341_N0500_R053_T24WWT_20230720T212316_r0768_c4096,1,,,0.0447845458984375
S2A_MSIL1C_20171102T141341_N0500_R053_T24WWT_20230720T212316_r0768_c4096,3,1,0.0008087158203125,0.04400634765625
S2A_MSIL1C_20171102T141341_N0500_R053_T24WWT_20230720T212316_r0768_c4096,5,3,0.000213623046875,0.0438232421875
S2A_MSIL1C_20171102T141341_N0500_R053_T24WWT_20230720T212316_r0768_c4096,10,5,0.0001068115234375,0.0437164306640625
S2A_MSIL1C_20171102T141341_N0500_R053_T24WWT_20230720T212316_r0768_c4096,20,10,4.57763671875e-05,0.043670654296875
S2A_MSIL1C_20171102T141341_N0500_R053_T24WWT_20230720T212316_r2560_c4352,1,,,0.0
S2A_MSIL1C_20171102T141341_N0500_R053_T24WWT_20230720T212316_r2560_c4352,3,1,0.0,0.0
S2A_MSIL1C_20171102T141341_N0500_R053_T24WWT_20230720T212316_r2560_c4352,5,3,0.0,0.0
S2A_MSIL1C_20171102T141341_N0500_R053_T24WWT_20230720T212316_r2560_c4352,10,5,0.0,0.0
S2A_MSIL1C_20171102T141341_N0500_R053_T24WWT_20230720T212316_r2560_c4352,20,10,0.0,0.0
S2A_MSIL1C_20171102T141341_N0500_R053_T24WWT_20230720T212316_r2816_c4352,1,,,0.0
S2A_MSIL1C_20171102T141341_N0500_R053_T24WWT_20230720T212316_r2816_c4352,3,1,0.0,0.0
S2A_MSIL1C_20171102T141341_N0500_R053_T24WWT_20230720T212316_r2816_c4352,5,3,0.0,0.0
S2A_MSIL1C_20171102T141341_N0500_R053_T24WWT_20230720T212316_r2816_c4352,10,5,0.0,0.0
S2A_MSIL1C_20171102T141341_N0500_R053_T24WWT_20230720T212316_r2816_c4352,20,10,0.0,0.0
S2A_MSIL1C_20171102T141341_N0500_R053_T24WWT_20230720T212316_r3584_c2304,1,,,0.0
S2A_MSIL1C_20171102T141341_N0500_R053_T24WWT_20230720T212316_r3584_c2304,3,1,0.0,0.0
S2A_MSIL1C_20171102T141341_N0500_R053_T24WWT_20230720T212316_r3584_c2304,5,3,0.0,0.0
S2A_MSIL1C_20171102T141341_N0500_R053_T24WWT_20230720T212316_r3584_c2304,10,5,0.0,0.0
S2A_MSIL1C_20171102T141341_N0500_R053_T24WWT_20230720T212316_r3584_c2304,20,10,0.0,0.0
S2A_MSIL1C_20171102T141341_N0500_R053_T24WWT_20230720T212316_r7936_c2048,1,,,0.0
S2A_MSIL1C_20171102T141341_N0500_R053_T24WWT_20230720T212316_r7936_c2048,3,1,0.0,0.0
S2A_MSIL1C_20171102T141341_N0500_R053_T24WWT_20230720T212316_r7936_c2048,5,3,0.0,0.0
S2A_MSIL1C_20171102T141341_N0500_R053_T24WWT_20230720T212316_r7936_c2048,10,5,0.0,0.0
S2A_MSIL1C_20171102T141341_N0500_R053_T24WWT_20230720T212316_r7936_c2048,20,10,0.0,0.0
S2A_MSIL1C_20171102T141341_N0500_R053_T24WWU_20230720T212316_r4096_c4096,1,,,1.52587890625e-05
S2A_MSIL1C_20171102T141341_N0500_R053_T24WWU_20230720T212316_r4096_c4096,3,1,1.52587890625e-05,0.0
S2A_MSIL1C_20171102T141341_N0500_R053_T24WWU_20230720T212316_r4096_c4096,5,3,0.0,0.0
S2A_MSIL1C_20171102T141341_N0500_R053_T24WWU_20230720T212316_r4096_c4096,10,5,0.0,0.0
S2A_MSIL1C_20171102T141341_N0500_R053_T24WWU_20230720T212316_r4096_c4096,20,10,0.0,0.0
S2A_MSIL1C_20171102T141341_N0500_R053_T24WWU_20230720T212316_r4352_c5888,1,,,0.0496673583984375
S2A_MSIL1C_20171102T141341_N0500_R053_T24WWU_20230720T212316_r4352_c5888,3,1,0.0025177001953125,0.047149658203125
S2A_MSIL1C_20171102T141341_N0500_R053_T24WWU_20230720T212316_r4352_c5888,5,3,0.000701904296875,0.04644775390625
S2A_MSIL1C_20171102T141341_N0500_R053_T24WWU_20230720T212316_r4352_c5888,10,5,0.000335693359375,0.046112060546875
S2A_MSIL1C_20171102T141341_N0500_R053_T24WWU_20230720T212316_r4352_c5888,20,10,0.000152587890625,0.04595947265625
S2A_MSIL1C_20171102T141341_N0500_R053_T24WWU_20230720T212316_r5376_c6400,1,,,0.0272064208984375
S2A_MSIL1C_20171102T141341_N0500_R053_T24WWU_20230720T212316_r5376_c6400,3,1,0.000823974609375,0.0264129638671875
S2A_MSIL1C_20171102T141341_N0500_R053_T24WWU_20230720T212316_r5376_c6400,5,3,0.00018310546875,0.0262603759765625
S2A_MSIL1C_20171102T141341_N0500_R053_T24WWU_20230720T212316_r5376_c6400,10,5,0.00018310546875,0.0260772705078125
S2A_MSIL1C_20171102T141341_N0500_R053_T24WWU_20230720T212316_r5376_c6400,20,10,1.52587890625e-05,0.02606201171875
S2A_MSIL1C_20171102T141341_N0500_R053_T24WWU_20230720T212316_r5632_c4608,1,,,0.0287322998046875
S2A_MSIL1C_20171102T141341_N0500_R053_T24WWU_20230720T212316_r5632_c4608,3,1,0.001739501953125,0.0270843505859375
S2A_MSIL1C_20171102T141341_N0500_R053_T24WWU_20230720T212316_r5632_c4608,5,3,0.0005035400390625,0.026580810546875
S2A_MSIL1C_20171102T141341_N0500_R053_T24WWU_20230720T212316_r5632_c4608,10,5,0.0004425048828125,0.0261383056640625
S2A_MSIL1C_20171102T141341_N0500_R053_T24WWU_20230720T212316_r5632_c4608,20,10,0.0001983642578125,0.02593994140625
S2A_MSIL1C_20171102T141341_N0500_R053_T24WWU_20230720T212316_r5888_c5632,1,,,0.0684051513671875
S2A_MSIL1C_20171102T141341_N0500_R053_T24WWU_20230720T212316_r5888_c5632,3,1,0.0016326904296875,0.067108154296875
S2A_MSIL1C_20171102T141341_N0500_R053_T24WWU_20230720T212316_r5888_c5632,5,3,0.0005645751953125,0.0667266845703125
S2A_MSIL1C_20171102T141341_N0500_R053_T24WWU_20230720T212316_r5888_c5632,10,5,0.0001983642578125,0.066650390625
S2A_MSIL1C_20171102T141341_N0500_R053_T24WWU_20230720T212316_r5888_c5632,20,10,0.000152587890625,0.066497802734375
S2A_MSIL1C_20171102T141341_N0500_R053_T24WWU_20230720T212316_r6912_c5376,1,,,0.0290069580078125
S2A_MSIL1C_20171102T141341_N0500_R053_T24WWU_20230720T212316_r6912_c5376,3,1,0.00079345703125,0.0283660888671875
S2A_MSIL1C_20171102T141341_N0500_R053_T24WWU_20230720T212316_r6912_c5376,5,3,0.00030517578125,0.0281219482421875
S2A_MSIL1C_20171102T141341_N0500_R053_T24WWU_20230720T212316_r6912_c5376,10,5,0.0001678466796875,0.028076171875
S2A_MSIL1C_20171102T141341_N0500_R053_T24WWU_20230720T212316_r6912_c5376,20,10,4.57763671875e-05,0.0280609130859375
S2A_MSIL1C_20171102T141341_N0500_R053_T24WWU_20230720T212316_r8704_c2560,1,,,0.0
S2A_MSIL1C_20171102T141341_N0500_R053_T24WWU_20230720T212316_r8704_c2560,3,1,0.0,0.0
S2A_MSIL1C_20171102T141341_N0500_R053_T24WWU_20230720T212316_r8704_c2560,5,3,0.0,0.0
S2A_MSIL1C_20171102T141341_N0500_R053_T24WWU_20230720T212316_r8704_c2560,10,5,0.0,0.0
S2A_MSIL1C_20171102T141341_N0500_R053_T24WWU_20230720T212316_r8704_c2560,20,10,0.0,0.0
S2A_MSIL1C_20180918T141001_N0500_R053_T25WER_20230707T155818_r2816_c5376,1,,,0.05657958984375
S2A_MSIL1C_20180918T141001_N0500_R053_T25WER_20230707T155818_r2816_c5376,3,1,0.002777099609375,0.0538330078125
S2A_MSIL1C_20180918T141001_N0500_R053_T25WER_20230707T155818_r2816_c5376,5,3,0.0006561279296875,0.0531768798828125
S2A_MSIL1C_20180918T141001_N0500_R053_T25WER_20230707T155818_r2816_c5376,10,5,0.0005035400390625,0.05267333984375
S2A_MSIL1C_20180918T141001_N0500_R053_T25WER_20230707T155818_r2816_c5376,20,10,0.000244140625,0.05242919921875
S2A_MSIL1C_20180918T141001_N0500_R053_T25WER_20230707T155818_r3584_c4352,1,,,0.0372161865234375
S2A_MSIL1C_20180918T141001_N0500_R053_T25WER_20230707T155818_r3584_c4352,3,1,0.0011138916015625,0.0361328125
S2A_MSIL1C_20180918T141001_N0500_R053_T25WER_20230707T155818_r3584_c4352,5,3,0.00030517578125,0.03582763671875
S2A_MSIL1C_20180918T141001_N0500_R053_T25WER_20230707T155818_r3584_c4352,10,5,0.00018310546875,0.03564453125
S2A_MSIL1C_20180918T141001_N0500_R053_T25WER_20230707T155818_r3584_c4352,20,10,9.1552734375e-05,0.035552978515625
S2A_MSIL1C_20180918T141001_N0500_R053_T25WER_20230707T155818_r3840_c4864,1,,,0.0536346435546875
S2A_MSIL1C_20180918T141001_N0500_R053_T25WER_20230707T155818_r3840_c4864,3,1,0.0019073486328125,0.0518798828125
S2A_MSIL1C_20180918T141001_N0500_R053_T25WER_20230707T155818_r3840_c4864,5,3,0.0006561279296875,0.0512847900390625
S2A_MSIL1C_20180918T141001_N0500_R053_T25WER_20230707T155818_r3840_c4864,10,5,0.0004119873046875,0.0509033203125
S2A_MSIL1C_20180918T141001_N0500_R053_T25WER_20230707T155818_r3840_c4864,20,10,7.62939453125e-05,0.0508270263671875
S2A_MSIL1C_20180918T141001_N0500_R053_T25WER_20230707T155818_r4096_c4608,1,,,0.05999755859375
S2A_MSIL1C_20180918T141001_N0500_R053_T25WER_20230707T155818_r4096_c4608,3,1,0.001190185546875,0.058807373046875
S2A_MSIL1C_20180918T141001_N0500_R053_T25WER_20230707T155818_r4096_c4608,5,3,0.0003204345703125,0.0584869384765625
S2A_MSIL1C_20180918T141001_N0500_R053_T25WER_20230707T155818_r4096_c4608,10,5,0.0001678466796875,0.058319091796875
S2A_MSIL1C_20180918T141001_N0500_R053_T25WER_20230707T155818_r4096_c4608,20,10,0.0001220703125,0.058197021484375
S2A_MSIL1C_20180918T141001_N0500_R053_T25WER_20230707T155818_r4096_c4864,1,,,0.0804595947265625
S2A_MSIL1C_20180918T141001_N0500_R053_T25WER_20230707T155818_r4096_c4864,3,1,0.0033416748046875,0.077178955078125
S2A_MSIL1C_20180918T141001_N0500_R053_T25WER_20230707T155818_r4096_c4864,5,3,0.00128173828125,0.075927734375
S2A_MSIL1C_20180918T141001_N0500_R053_T25WER_20230707T155818_r4096_c4864,10,5,0.00067138671875,0.07525634765625
S2A_MSIL1C_20180918T141001_N0500_R053_T25WER_20230707T155818_r4096_c4864,20,10,0.0003814697265625,0.0748748779296875
S2A_MSIL1C_20180918T141001_N0500_R053_T25WER_20230707T155818_r4608_c7168,1,,,0.023834228515625
S2A_MSIL1C_20180918T141001_N0500_R053_T25WER_20230707T155818_r4608_c7168,3,1,0.0033416748046875,0.0233612060546875
S2A_MSIL1C_20180918T141001_N0500_R053_T25WER_20230707T155818_r4608_c7168,5,3,0.001068115234375,0.0237274169921875
S2A_MSIL1C_20180918T141001_N0500_R053_T25WER_20230707T155818_r4608_c7168,10,5,0.0006256103515625,0.02392578125
S2A_MSIL1C_20180918T141001_N0500_R053_T25WER_20230707T155818_r4608_c7168,20,10,0.000518798828125,0.02435302734375
S2A_MSIL1C_20180918T141001_N0500_R053_T25WER_20230707T155818_r4864_c4608,1,,,0.0634918212890625
S2A_MSIL1C_20180918T141001_N0500_R053_T25WER_20230707T155818_r4864_c4608,3,1,0.003204345703125,0.0603790283203125
S2A_MSIL1C_20180918T141001_N0500_R053_T25WER_20230707T155818_r4864_c4608,5,3,0.0012664794921875,0.059173583984375
S2A_MSIL1C_20180918T141001_N0500_R053_T25WER_20230707T155818_r4864_c4608,10,5,0.0008392333984375,0.0583648681640625
S2A_MSIL1C_20180918T141001_N0500_R053_T25WER_20230707T155818_r4864_c4608,20,10,0.0004119873046875,0.057952880859375
S2A_MSIL1C_20180918T141001_N0500_R053_T25WER_20230707T155818_r5376_c4864,1,,,0.0
S2A_MSIL1C_20180918T141001_N0500_R053_T25WER_20230707T155818_r5376_c4864,3,1,0.0,0.0
S2A_MSIL1C_20180918T141001_N0500_R053_T25WER_20230707T155818_r5376_c4864,5,3,0.0,0.0
S2A_MSIL1C_20180918T141001_N0500_R053_T25WER_20230707T155818_r5376_c4864,10,5,0.0,0.0
S2A_MSIL1C_20180918T141001_N0500_R053_T25WER_20230707T155818_r5376_c4864,20,10,0.0,0.0
S2A_MSIL1C_20180918T141001_N0500_R053_T25WER_20230707T155818_r5632_c4352,1,,,0.0
S2A_MSIL1C_20180918T141001_N0500_R053_T25WER_20230707T155818_r5632_c4352,3,1,0.0,0.0
S2A_MSIL1C_20180918T141001_N0500_R053_T25WER_20230707T155818_r5632_c4352,5,3,0.0,0.0
S2A_MSIL1C_20180918T141001_N0500_R053_T25WER_20230707T155818_r5632_c4352,10,5,0.0,0.0
S2A_MSIL1C_20180918T141001_N0500_R053_T25WER_20230707T155818_r5632_c4352,20,10,0.0,0.0
S2A_MSIL1C_20180918T141001_N0500_R053_T25WER_20230707T155818_r7168_c3072,1,,,0.0029449462890625
S2A_MSIL1C_20180918T141001_N0500_R053_T25WER_20230707T155818_r7168_c3072,3,1,0.000946044921875,0.0019989013671875
S2A_MSIL1C_20180918T141001_N0500_R053_T25WER_20230707T155818_r7168_c3072,5,3,9.1552734375e-05,0.0019073486328125
S2A_MSIL1C_20180918T141001_N0500_R053_T25WER_20230707T155818_r7168_c3072,10,5,6.103515625e-05,0.0018463134765625
S2A_MSIL1C_20180918T141001_N0500_R053_T25WER_20230707T155818_r7168_c3072,20,10,0.0001220703125,0.0017242431640625
S2A_MSIL1C_20180918T141001_N0500_R053_T25WER_20230707T155818_r7424_c2048,1,,,0.0
S2A_MSIL1C_20180918T141001_N0500_R053_T25WER_20230707T155818_r7424_c2048,3,1,0.0,0.0
S2A_MSIL1C_20180918T141001_N0500_R053_T25WER_20230707T155818_r7424_c2048,5,3,0.0,0.0
S2A_MSIL1C_20180918T141001_N0500_R053_T25WER_20230707T155818_r7424_c2048,10,5,0.0,0.0
S2A_MSIL1C_20180918T141001_N0500_R053_T25WER_20230707T155818_r7424_c2048,20,10,0.0,0.0
S2A_MSIL1C_20180918T141001_N0500_R053_T25WER_20230707T155818_r7680_c1280,1,,,0.012115478515625
S2A_MSIL1C_20180918T141001_N0500_R053_T25WER_20230707T155818_r7680_c1280,3,1,0.00286865234375,0.009246826171875
S2A_MSIL1C_20180918T141001_N0500_R053_T25WER_20230707T155818_r7680_c1280,5,3,0.0007476806640625,0.0084991455078125
S2A_MSIL1C_20180918T141001_N0500_R053_T25WER_20230707T155818_r7680_c1280,10,5,0.000640869140625,0.0078582763671875
S2A_MSIL1C_20180918T141001_N0500_R053_T25WER_20230707T155818_r7680_c1280,20,10,0.000274658203125,0.0075836181640625
S2A_MSIL1C_20180918T141001_N0500_R053_T25WER_20230707T155818_r7680_c3328,1,,,0.0
S2A_MSIL1C_20180918T141001_N0500_R053_T25WER_20230707T155818_r7680_c3328,3,1,0.0,0.0
S2A_MSIL1C_20180918T141001_N0500_R053_T25WER_20230707T155818_r7680_c3328,5,3,0.0,0.0
S2A_MSIL1C_20180918T141001_N0500_R053_T25WER_20230707T155818_r7680_c3328,10,5,0.0,0.0
S2A_MSIL1C_20180918T141001_N0500_R053_T25WER_20230707T155818_r7680_c3328,20,10,0.0,0.0
S2A_MSIL1C_20180918T141001_N0500_R053_T25WER_20230707T155818_r8192_c1536,1,,,0.0086517333984375
S2A_MSIL1C_20180918T141001_N0500_R053_T25WER_20230707T155818_r8192_c1536,3,1,0.0006866455078125,0.00799560546875
S2A_MSIL1C_20180918T141001_N0500_R053_T25WER_20230707T155818_r8192_c1536,5,3,0.000579833984375,0.007415771484375
S2A_MSIL1C_20180918T141001_N0500_R053_T25WER_20230707T155818_r8192_c1536,10,5,6.103515625e-05,0.007354736328125
S2A_MSIL1C_20180918T141001_N0500_R053_T25WER_20230707T155818_r8192_c1536,20,10,0.0,0.007354736328125
S2A_MSIL1C_20180918T141001_N0500_R053_T25WER_20230707T155818_r8448_c1536,1,,,0.0
S2A_MSIL1C_20180918T141001_N0500_R053_T25WER_20230707T155818_r8448_c1536,3,1,0.0,0.0
S2A_MSIL1C_20180918T141001_N0500_R053_T25WER_20230707T155818_r8448_c1536,5,3,0.0,0.0
S2A_MSIL1C_20180918T141001_N0500_R053_T25WER_20230707T155818_r8448_c1536,10,5,0.0,0.0
S2A_MSIL1C_20180918T141001_N0500_R053_T25WER_20230707T155818_r8448_c1536,20,10,0.0,0.0
S2A_MSIL1C_20180918T141001_N0500_R053_T25WER_20230707T155818_r8448_c4352,1,,,0.0
S2A_MSIL1C_20180918T141001_N0500_R053_T25WER_20230707T155818_r8448_c4352,3,1,0.0,0.0
S2A_MSIL1C_20180918T141001_N0500_R053_T25WER_20230707T155818_r8448_c4352,5,3,0.0,0.0
S2A_MSIL1C_20180918T141001_N0500_R053_T25WER_20230707T155818_r8448_c4352,10,5,0.0,0.0
S2A_MSIL1C_20180918T141001_N0500_R053_T25WER_20230707T155818_r8448_c4352,20,10,0.0,0.0
S2A_MSIL1C_20180918T141001_N0500_R053_T25WER_20230707T155818_r9728_c0512,1,,,0.0
S2A_MSIL1C_20180918T141001_N0500_R053_T25WER_20230707T155818_r9728_c0512,3,1,0.0,0.0
S2A_MSIL1C_20180918T141001_N0500_R053_T25WER_20230707T155818_r9728_c0512,5,3,0.0,0.0
S2A_MSIL1C_20180918T141001_N0500_R053_T25WER_20230707T155818_r9728_c0512,10,5,0.0,0.0
S2A_MSIL1C_20180918T141001_N0500_R053_T25WER_20230707T155818_r9728_c0512,20,10,0.0,0.0
S2A_MSIL1C_20181001T142141_N0500_R096_T24WVT_20230619T094106_r7424_c10240,1,,,0.0
S2A_MSIL1C_20181001T142141_N0500_R096_T24WVT_20230619T094106_r7424_c10240,3,1,0.0,0.0
S2A_MSIL1C_20181001T142141_N0500_R096_T24WVT_20230619T094106_r7424_c10240,5,3,0.0,0.0
S2A_MSIL1C_20181001T142141_N0500_R096_T24WVT_20230619T094106_r7424_c10240,10,5,0.0,0.0
S2A_MSIL1C_20181001T142141_N0500_R096_T24WVT_20230619T094106_r7424_c10240,20,10,0.0,0.0
S2A_MSIL1C_20181001T142141_N0500_R096_T24WWT_20230619T094106_r10496_c7936,1,,,0.0
S2A_MSIL1C_20181001T142141_N0500_R096_T24WWT_20230619T094106_r10496_c7936,3,1,0.0,0.0
S2A_MSIL1C_20181001T142141_N0500_R096_T24WWT_20230619T094106_r10496_c7936,5,3,0.0,0.0
S2A_MSIL1C_20181001T142141_N0500_R096_T24WWT_20230619T094106_r10496_c7936,10,5,0.0,0.0
S2A_MSIL1C_20181001T142141_N0500_R096_T24WWT_20230619T094106_r10496_c7936,20,10,0.0,0.0
S2A_MSIL1C_20181001T142141_N0500_R096_T24WWT_20230619T094106_r2048_c4608,1,,,0.0029144287109375
S2A_MSIL1C_20181001T142141_N0500_R096_T24WWT_20230619T094106_r2048_c4608,3,1,0.0012969970703125,0.00164794921875
S2A_MSIL1C_20181001T142141_N0500_R096_T24WWT_20230619T094106_r2048_c4608,5,3,0.0006256103515625,0.0010223388671875
S2A_MSIL1C_20181001T142141_N0500_R096_T24WWT_20230619T094106_r2048_c4608,10,5,0.000885009765625,0.0001373291015625
S2A_MSIL1C_20181001T142141_N0500_R096_T24WWT_20230619T094106_r2048_c4608,20,10,4.57763671875e-05,9.1552734375e-05
S2A_MSIL1C_20181001T142141_N0500_R096_T24WWT_20230619T094106_r2304_c2048,1,,,0.0217437744140625
S2A_MSIL1C_20181001T142141_N0500_R096_T24WWT_20230619T094106_r2304_c2048,3,1,0.00238037109375,0.0198211669921875
S2A_MSIL1C_20181001T142141_N0500_R096_T24WWT_20230619T094106_r2304_c2048,5,3,0.0012969970703125,0.01873779296875
S2A_MSIL1C_20181001T142141_N0500_R096_T24WWT_20230619T094106_r2304_c2048,10,5,0.00164794921875,0.01708984375
S2A_MSIL1C_20181001T142141_N0500_R096_T24WWT_20230619T094106_r2304_c2048,20,10,0.0012054443359375,0.0158843994140625
S2A_MSIL1C_20181001T142141_N0500_R096_T24WWT_20230619T094106_r3328_c1536,1,,,0.003448486328125
S2A_MSIL1C_20181001T142141_N0500_R096_T24WWT_20230619T094106_r3328_c1536,3,1,0.000213623046875,0.003662109375
S2A_MSIL1C_20181001T142141_N0500_R096_T24WWT_20230619T094106_r3328_c1536,5,3,1.52587890625e-05,0.0036773681640625
S2A_MSIL1C_20181001T142141_N0500_R096_T24WWT_20230619T094106_r3328_c1536,10,5,0.0,0.0036773681640625
S2A_MSIL1C_20181001T142141_N0500_R096_T24WWT_20230619T094106_r3328_c1536,20,10,0.0,0.0036773681640625
S2A_MSIL1C_20181001T142141_N0500_R096_T24WWT_20230619T094106_r3584_c0000,1,,,0.0001068115234375
S2A_MSIL1C_20181001T142141_N0500_R096_T24WWT_20230619T094106_r3584_c0000,3,1,0.0001068115234375,0.0
S2A_MSIL1C_20181001T142141_N0500_R096_T24WWT_20230619T094106_r3584_c0000,5,3,0.0,0.0
S2A_MSIL1C_20181001T142141_N0500_R096_T24WWT_20230619T094106_r3584_c0000,10,5,0.0,0.0
S2A_MSIL1C_20181001T142141_N0500_R096_T24WWT_20230619T094106_r3584_c0000,20,10,0.0,0.0
S2A_MSIL1C_20181001T142141_N0500_R096_T24WWT_20230619T094106_r4096_c0512,1,,,0.0
S2A_MSIL1C_20181001T142141_N0500_R096_T24WWT_20230619T094106_r4096_c0512,3,1,0.0,0.0
S2A_MSIL1C_20181001T142141_N0500_R096_T24WWT_20230619T094106_r4096_c0512,5,3,0.0,0.0
S2A_MSIL1C_20181001T142141_N0500_R096_T24WWT_20230619T094106_r4096_c0512,10,5,0.0,0.0
S2A_MSIL1C_20181001T142141_N0500_R096_T24WWT_20230619T094106_r4096_c0512,20,10,0.0,0.0
S2A_MSIL1C_20181001T142141_N0500_R096_T24WWT_20230619T094106_r4864_c3584,1,,,0.0005645751953125
S2A_MSIL1C_20181001T142141_N0500_R096_T24WWT_20230619T094106_r4864_c3584,3,1,0.0005645751953125,0.0
S2A_MSIL1C_20181001T142141_N0500_R096_T24WWT_20230619T094106_r4864_c3584,5,3,0.0,0.0
S2A_MSIL1C_20181001T142141_N0500_R096_T24WWT_20230619T094106_r4864_c3584,10,5,0.0,0.0
S2A_MSIL1C_20181001T142141_N0500_R096_T24WWT_20230619T094106_r4864_c3584,20,10,0.0,0.0
S2A_MSIL1C_20181001T142141_N0500_R096_T24WWT_20230619T094106_r5376_c1280,1,,,0.0
S2A_MSIL1C_20181001T142141_N0500_R096_T24WWT_20230619T094106_r5376_c1280,3,1,0.0,0.0
S2A_MSIL1C_20181001T142141_N0500_R096_T24WWT_20230619T094106_r5376_c1280,5,3,0.0,0.0
S2A_MSIL1C_20181001T142141_N0500_R096_T24WWT_20230619T094106_r5376_c1280,10,5,0.0,0.0
S2A_MSIL1C_20181001T142141_N0500_R096_T24WWT_20230619T094106_r5376_c1280,20,10,0.0,0.0
S2A_MSIL1C_20181001T142141_N0500_R096_T24WWT_20230619T094106_r6400_c7424,1,,,0.0
S2A_MSIL1C_20181001T142141_N0500_R096_T24WWT_20230619T094106_r6400_c7424,3,1,0.0,0.0
S2A_MSIL1C_20181001T142141_N0500_R096_T24WWT_20230619T094106_r6400_c7424,5,3,0.0,0.0
S2A_MSIL1C_20181001T142141_N0500_R096_T24WWT_20230619T094106_r6400_c7424,10,5,0.0,0.0
S2A_MSIL1C_20181001T142141_N0500_R096_T24WWT_20230619T094106_r6400_c7424,20,10,0.0,0.0
S2A_MSIL1C_20181001T142141_N0500_R096_T24WWT_20230619T094106_r7424_c0512,1,,,0.0
S2A_MSIL1C_20181001T142141_N0500_R096_T24WWT_20230619T094106_r7424_c0512,3,1,0.0,0.0
S2A_MSIL1C_20181001T142141_N0500_R096_T24WWT_20230619T094106_r7424_c0512,5,3,0.0,0.0
S2A_MSIL1C_20181001T142141_N0500_R096_T24WWT_20230619T094106_r7424_c0512,10,5,0.0,0.0
S2A_MSIL1C_20181001T142141_N0500_R096_T24WWT_20230619T094106_r7424_c0512,20,10,0.0,0.0
S2A_MSIL1C_20181001T142141_N0500_R096_T24WWT_20230619T094106_r7424_c10496,1,,,0.0
S2A_MSIL1C_20181001T142141_N0500_R096_T24WWT_20230619T094106_r7424_c10496,3,1,0.0,0.0
S2A_MSIL1C_20181001T142141_N0500_R096_T24WWT_20230619T094106_r7424_c10496,5,3,0.0,0.0
S2A_MSIL1C_20181001T142141_N0500_R096_T24WWT_20230619T094106_r7424_c10496,10,5,0.0,0.0
S2A_MSIL1C_20181001T142141_N0500_R096_T24WWT_20230619T094106_r7424_c10496,20,10,0.0,0.0
S2A_MSIL1C_20181001T142141_N0500_R096_T24WWT_20230619T094106_r7680_c1280,1,,,0.0
S2A_MSIL1C_20181001T142141_N0500_R096_T24WWT_20230619T094106_r7680_c1280,3,1,0.0,0.0
S2A_MSIL1C_20181001T142141_N0500_R096_T24WWT_20230619T094106_r7680_c1280,5,3,0.0,0.0
S2A_MSIL1C_20181001T142141_N0500_R096_T24WWT_20230619T094106_r7680_c1280,10,5,0.0,0.0
S2A_MSIL1C_20181001T142141_N0500_R096_T24WWT_20230619T094106_r7680_c1280,20,10,0.0,0.0
S2A_MSIL1C_20181001T142141_N0500_R096_T24WWT_20230619T094106_r8448_c7168,1,,,0.0
S2A_MSIL1C_20181001T142141_N0500_R096_T24WWT_20230619T094106_r8448_c7168,3,1,0.0,0.0
S2A_MSIL1C_20181001T142141_N0500_R096_T24WWT_20230619T094106_r8448_c7168,5,3,0.0,0.0
S2A_MSIL1C_20181001T142141_N0500_R096_T24WWT_20230619T094106_r8448_c7168,10,5,0.0,0.0
S2A_MSIL1C_20181001T142141_N0500_R096_T24WWT_20230619T094106_r8448_c7168,20,10,0.0,0.0
S2A_MSIL1C_20181001T142141_N0500_R096_T24WWT_20230619T094106_r9728_c7936,1,,,0.0
S2A_MSIL1C_20181001T142141_N0500_R096_T24WWT_20230619T094106_r9728_c7936,3,1,0.0,0.0
S2A_MSIL1C_20181001T142141_N0500_R096_T24WWT_20230619T094106_r9728_c7936,5,3,0.0,0.0
S2A_MSIL1C_20181001T142141_N0500_R096_T24WWT_20230619T094106_r9728_c7936,10,5,0.0,0.0
S2A_MSIL1C_20181001T142141_N0500_R096_T24WWT_20230619T094106_r9728_c7936,20,10,0.0,0.0
S2A_MSIL1C_20181001T142141_N0500_R096_T24WWT_20230808T044242_r0000_c4864,1,,,0.0015411376953125
S2A_MSIL1C_20181001T142141_N0500_R096_T24WWT_20230808T044242_r0000_c4864,3,1,0.001068115234375,0.0004730224609375
S2A_MSIL1C_20181001T142141_N0500_R096_T24WWT_20230808T044242_r0000_c4864,5,3,0.000274658203125,0.0001983642578125
S2A_MSIL1C_20181001T142141_N0500_R096_T24WWT_20230808T044242_r0000_c4864,10,5,7.62939453125e-05,0.0001220703125
S2A_MSIL1C_20181001T142141_N0500_R096_T24WWT_20230808T044242_r0000_c4864,20,10,1.52587890625e-05,0.0001068115234375
S2A_MSIL1C_20181001T142141_N0500_R096_T24WWT_20230808T044242_r2048_c3840,1,,,0.0
S2A_MSIL1C_20181001T142141_N0500_R096_T24WWT_20230808T044242_r2048_c3840,3,1,0.0,0.0
S2A_MSIL1C_20181001T142141_N0500_R096_T24WWT_20230808T044242_r2048_c3840,5,3,0.0,0.0
S2A_MSIL1C_20181001T142141_N0500_R096_T24WWT_20230808T044242_r2048_c3840,10,5,0.0,0.0
S2A_MSIL1C_20181001T142141_N0500_R096_T24WWT_20230808T044242_r2048_c3840,20,10,0.0,0.0
S2A_MSIL1C_20181001T142141_N0500_R096_T24WWT_20230808T044242_r2304_c2304,1,,,3.0517578125e-05
S2A_MSIL1C_20181001T142141_N0500_R096_T24WWT_20230808T044242_r2304_c2304,3,1,3.0517578125e-05,0.0
S2A_MSIL1C_20181001T142141_N0500_R096_T24WWT_20230808T044242_r2304_c2304,5,3,0.0,0.0
S2A_MSIL1C_20181001T142141_N0500_R096_T24WWT_20230808T044242_r2304_c2304,10,5,0.0,0.0
S2A_MSIL1C_20181001T142141_N0500_R096_T24WWT_20230808T044242_r2304_c2304,20,10,0.0,0.0
S2A_MSIL1C_20181001T142141_N0500_R096_T24WWT_20230808T044242_r4096_c5120,1,,,0.0
S2A_MSIL1C_20181001T142141_N0500_R096_T24WWT_20230808T044242_r4096_c5120,3,1,0.0,0.0
S2A_MSIL1C_20181001T142141_N0500_R096_T24WWT_20230808T044242_r4096_c5120,5,3,0.0,0.0
S2A_MSIL1C_20181001T142141_N0500_R096_T24WWT_20230808T044242_r4096_c5120,10,5,0.0,0.0
S2A_MSIL1C_20181001T142141_N0500_R096_T24WWT_20230808T044242_r4096_c5120,20,10,0.0,0.0
S2A_MSIL1C_20181001T142141_N0500_R096_T24WWT_20230808T044242_r4608_c9216,1,,,0.0
S2A_MSIL1C_20181001T142141_N0500_R096_T24WWT_20230808T044242_r4608_c9216,3,1,0.0,0.0
S2A_MSIL1C_20181001T142141_N0500_R096_T24WWT_20230808T044242_r4608_c9216,5,3,0.0,0.0
S2A_MSIL1C_20181001T142141_N0500_R096_T24WWT_20230808T044242_r4608_c9216,10,5,0.0,0.0
S2A_MSIL1C_20181001T142141_N0500_R096_T24WWT_20230808T044242_r4608_c9216,20,10,0.0,0.0
S2A_MSIL1C_20181001T142141_N0500_R096_T24WWT_20230808T044242_r5632_c10496,1,,,0.0
S2A_MSIL1C_20181001T142141_N0500_R096_T24WWT_20230808T044242_r5632_c10496,3,1,0.0,0.0
S2A_MSIL1C_20181001T142141_N0500_R096_T24WWT_20230808T044242_r5632_c10496,5,3,0.0,0.0
S2A_MSIL1C_20181001T142141_N0500_R096_T24WWT_20230808T044242_r5632_c10496,10,5,0.0,0.0
S2A_MSIL1C_20181001T142141_N0500_R096_T24WWT_20230808T044242_r5632_c10496,20,10,0.0,0.0
S2A_MSIL1C_20181001T142141_N0500_R096_T25WES_20230808T044242_r9472_c2048,1,,,0.106597900390625
S2A_MSIL1C_20181001T142141_N0500_R096_T25WES_20230808T044242_r9472_c2048,3,1,0.0029754638671875,0.1073760986328125
S2A_MSIL1C_20181001T142141_N0500_R096_T25WES_20230808T044242_r9472_c2048,5,3,0.0007476806640625,0.10797119140625
S2A_MSIL1C_20181001T142141_N0500_R096_T25WES_20230808T044242_r9472_c2048,10,5,0.0007476806640625,0.1085052490234375
S2A_MSIL1C_20181001T142141_N0500_R096_T25WES_20230808T044242_r9472_c2048,20,10,0.000274658203125,0.1087188720703125
S2A_MSIL1C_20181001T142141_N0500_R096_T25WES_20230808T044242_r9728_c2048,1,,,0.0228118896484375
S2A_MSIL1C_20181001T142141_N0500_R096_T25WES_20230808T044242_r9728_c2048,3,1,0.0003204345703125,0.022613525390625
S2A_MSIL1C_20181001T142141_N0500_R096_T25WES_20230808T044242_r9728_c2048,5,3,6.103515625e-05,0.0225830078125
S2A_MSIL1C_20181001T142141_N0500_R096_T25WES_20230808T044242_r9728_c2048,10,5,1.52587890625e-05,0.0225677490234375
S2A_MSIL1C_20181001T142141_N0500_R096_T25WES_20230808T044242_r9728_c2048,20,10,4.57763671875e-05,0.02252197265625
S2A_MSIL1C_20201003T143041_N0500_R139_T24WVT_20230306T133643_r6400_c10496,1,,,0.0
S2A_MSIL1C_20201003T143041_N0500_R139_T24WVT_20230306T133643_r6400_c10496,3,1,0.0,0.0
S2A_MSIL1C_20201003T143041_N0500_R139_T24WVT_20230306T133643_r6400_c10496,5,3,0.0,0.0
S2A_MSIL1C_20201003T143041_N0500_R139_T24WVT_20230306T133643_r6400_c10496,10,5,0.0,0.0
S2A_MSIL1C_20201003T143041_N0500_R139_T24WVT_20230306T133643_r6400_c10496,20,10,0.0,0.0
S2A_MSIL1C_20201003T143041_N0500_R139_T24WWU_20230306T133643_r6656_c5632,1,,,0.2351837158203125
S2A_MSIL1C_20201003T143041_N0500_R139_T24WWU_20230306T133643_r6656_c5632,3,1,0.028900146484375,0.2067718505859375
S2A_MSIL1C_20201003T143041_N0500_R139_T24WWU_20230306T133643_r6656_c5632,5,3,0.007476806640625,0.1992950439453125
S2A_MSIL1C_20201003T143041_N0500_R139_T24WWU_20230306T133643_r6656_c5632,10,5,0.0038604736328125,0.1954345703125
S2A_MSIL1C_20201003T143041_N0500_R139_T24WWU_20230306T133643_r6656_c5632,20,10,0.001190185546875,0.194244384765625
S2A_MSIL1C_20201003T143041_N0500_R139_T24WWU_20230306T133643_r7424_c4864,1,,,0.1357421875
S2A_MSIL1C_20201003T143041_N0500_R139_T24WWU_20230306T133643_r7424_c4864,3,1,0.00921630859375,0.12652587890625
S2A_MSIL1C_20201003T143041_N0500_R139_T24WWU_20230306T133643_r7424_c4864,5,3,0.0020751953125,0.12445068359375
S2A_MSIL1C_20201003T143041_N0500_R139_T24WWU_20230306T133643_r7424_c4864,10,5,0.00146484375,0.12298583984375
S2A_MSIL1C_20201003T143041_N0500_R139_T24WWU_20230306T133643_r7424_c4864,20,10,0.0006103515625,0.12237548828125
S2A_MSIL1C_20201003T143041_N0500_R139_T24WWU_20230306T133643_r7936_c2560,1,,,0.038116455078125
S2A_MSIL1C_20201003T143041_N0500_R139_T24WWU_20230306T133643_r7936_c2560,3,1,0.00274658203125,0.036163330078125
S2A_MSIL1C_20201003T143041_N0500_R139_T24WWU_20230306T133643_r7936_c2560,5,3,0.0009307861328125,0.0354156494140625
S2A_MSIL1C_20201003T143041_N0500_R139_T24WWU_20230306T133643_r7936_c2560,10,5,0.00042724609375,0.0351409912109375
S2A_MSIL1C_20201003T143041_N0500_R139_T24WWU_20230306T133643_r7936_c2560,20,10,6.103515625e-05,0.0350799560546875
S2A_MSIL1C_20201102T143351_N0500_R139_T24WVT_20230318T171809_r5120_c9984,1,,,0.0535888671875
S2A_MSIL1C_20201102T143351_N0500_R139_T24WVT_20230318T171809_r5120_c9984,3,1,0.0204620361328125,0.0331268310546875
S2A_MSIL1C_20201102T143351_N0500_R139_T24WVT_20230318T171809_r5120_c9984,5,3,0.01104736328125,0.0220794677734375
S2A_MSIL1C_20201102T143351_N0500_R139_T24WVT_20230318T171809_r5120_c9984,10,5,0.009979248046875,0.0121002197265625
S2A_MSIL1C_20201102T143351_N0500_R139_T24WVT_20230318T171809_r5120_c9984,20,10,0.00732421875,0.0047760009765625
S2A_MSIL1C_20201102T143351_N0500_R139_T24WWT_20230318T171809_r3584_c0256,1,,,0.0272369384765625
S2A_MSIL1C_20201102T143351_N0500_R139_T24WWT_20230318T171809_r3584_c0256,3,1,0.0004119873046875,0.02691650390625
S2A_MSIL1C_20201102T143351_N0500_R139_T24WWT_20230318T171809_r3584_c0256,5,3,0.0001068115234375,0.0268096923828125
S2A_MSIL1C_20201102T143351_N0500_R139_T24WWT_20230318T171809_r3584_c0256,10,5,7.62939453125e-05,0.0267333984375
S2A_MSIL1C_20201102T143351_N0500_R139_T24WWT_20230318T171809_r3584_c0256,20,10,1.52587890625e-05,0.0267181396484375
S2A_MSIL1C_20201102T143351_N0500_R139_T24WWT_20230318T171809_r4096_c0256,1,,,0.0559539794921875
S2A_MSIL1C_20201102T143351_N0500_R139_T24WWT_20230318T171809_r4096_c0256,3,1,0.0017242431640625,0.054718017578125
S2A_MSIL1C_20201102T143351_N0500_R139_T24WWT_20230318T171809_r4096_c0256,5,3,0.000518798828125,0.05438232421875
S2A_MSIL1C_20201102T143351_N0500_R139_T24WWT_20230318T171809_r4096_c0256,10,5,0.00030517578125,0.0540771484375
S2A_MSIL1C_20201102T143351_N0500_R139_T24WWT_20230318T171809_r4096_c0256,20,10,0.0001983642578125,0.0539398193359375
S2A_MSIL1C_20201102T143351_N0500_R139_T24WWU_20230318T171809_r6912_c5120,1,,,0.041259765625
S2A_MSIL1C_20201102T143351_N0500_R139_T24WWU_20230318T171809_r6912_c5120,3,1,0.0012664794921875,0.0400848388671875
S2A_MSIL1C_20201102T143351_N0500_R139_T24WWU_20230318T171809_r6912_c5120,5,3,0.0003204345703125,0.039764404296875
S2A_MSIL1C_20201102T143351_N0500_R139_T24WWU_20230318T171809_r6912_c5120,10,5,0.0002899169921875,0.0394744873046875
S2A_MSIL1C_20201102T143351_N0500_R139_T24WWU_20230318T171809_r6912_c5120,20,10,0.0001220703125,0.0393829345703125
S2A_MSIL1C_20201102T143351_N0500_R139_T24WWU_20230318T171809_r6912_c5632,1,,,0.1152496337890625
S2A_MSIL1C_20201102T143351_N0500_R139_T24WWU_20230318T171809_r6912_c5632,3,1,0.0102081298828125,0.105072021484375
S2A_MSIL1C_20201102T143351_N0500_R139_T24WWU_20230318T171809_r6912_c5632,5,3,0.0024871826171875,0.1025848388671875
S2A_MSIL1C_20201102T143351_N0500_R139_T24WWU_20230318T171809_r6912_c5632,10,5,0.0022735595703125,0.100311279296875
S2A_MSIL1C_20201102T143351_N0500_R139_T24WWU_20230318T171809_r6912_c5632,20,10,0.00103759765625,0.099273681640625
S2A_MSIL1C_20201102T143351_N0500_R139_T24WWU_20230318T171809_r7168_c5120,1,,,0.0647125244140625
S2A_MSIL1C_20201102T143351_N0500_R139_T24WWU_20230318T171809_r7168_c5120,3,1,0.0048675537109375,0.059906005859375
S2A_MSIL1C_20201102T143351_N0500_R139_T24WWU_20230318T171809_r7168_c5120,5,3,0.0012054443359375,0.0587615966796875
S2A_MSIL1C_20201102T143351_N0500_R139_T24WWU_20230318T171809_r7168_c5120,10,5,0.000885009765625,0.0578765869140625
S2A_MSIL1C_20201102T143351_N0500_R139_T24WWU_20230318T171809_r7168_c5120,20,10,0.0005340576171875,0.057342529296875
S2A_MSIL1C_20211002T141021_N0500_R053_T24WXT_20230113T003232_r3584_c0512,1,,,0.0
S2A_MSIL1C_20211002T141021_N0500_R053_T24WXT_20230113T003232_r3584_c0512,3,1,0.0,0.0
S2A_MSIL1C_20211002T141021_N0500_R053_T24WXT_20230113T003232_r3584_c0512,5,3,0.0,0.0
S2A_MSIL1C_20211002T141021_N0500_R053_T24WXT_20230113T003232_r3584_c0512,10,5,0.0,0.0
S2A_MSIL1C_20211002T141021_N0500_R053_T24WXT_20230113T003232_r3584_c0512,20,10,0.0,0.0
S2A_MSIL1C_20211002T141021_N0500_R053_T24WXT_20230113T003232_r6144_c0512,1,,,0.0
S2A_MSIL1C_20211002T141021_N0500_R053_T24WXT_20230113T003232_r6144_c0512,3,1,0.0,0.0
S2A_MSIL1C_20211002T141021_N0500_R053_T24WXT_20230113T003232_r6144_c0512,5,3,0.0,0.0
S2A_MSIL1C_20211002T141021_N0500_R053_T24WXT_20230113T003232_r6144_c0512,10,5,0.0,0.0
S2A_MSIL1C_20211002T141021_N0500_R053_T24WXT_20230113T003232_r6144_c0512,20,10,0.0,0.0
S2A_MSIL1C_20211101T141331_N0500_R053_T24WWU_20221228T011417_r4096_c4096,1,,,0.001495361328125
S2A_MSIL1C_20211101T141331_N0500_R053_T24WWU_20221228T011417_r4096_c4096,3,1,0.0009307861328125,0.0005645751953125
S2A_MSIL1C_20211101T141331_N0500_R053_T24WWU_20221228T011417_r4096_c4096,5,3,0.000213623046875,0.0003509521484375
S2A_MSIL1C_20211101T141331_N0500_R053_T24WWU_20221228T011417_r4096_c4096,10,5,0.0002288818359375,0.0001220703125
S2A_MSIL1C_20211101T141331_N0500_R053_T24WWU_20221228T011417_r4096_c4096,20,10,3.0517578125e-05,9.1552734375e-05
S2A_MSIL1C_20211101T141331_N0500_R053_T24WWU_20221228T011417_r5888_c6144,1,,,0.0026702880859375
S2A_MSIL1C_20211101T141331_N0500_R053_T24WWU_20221228T011417_r5888_c6144,3,1,0.001861572265625,0.0008087158203125
S2A_MSIL1C_20211101T141331_N0500_R053_T24WWU_20221228T011417_r5888_c6144,5,3,0.0004730224609375,0.000335693359375
S2A_MSIL1C_20211101T141331_N0500_R053_T24WWU_20221228T011417_r5888_c6144,10,5,0.0001373291015625,0.0001983642578125
S2A_MSIL1C_20211101T141331_N0500_R053_T24WWU_20221228T011417_r5888_c6144,20,10,3.0517578125e-05,0.0001678466796875
S2A_MSIL1C_20211101T141331_N0500_R053_T24WWU_20221228T011417_r6400_c5120,1,,,0.043731689453125
S2A_MSIL1C_20211101T141331_N0500_R053_T24WWU_20221228T011417_r6400_c5120,3,1,0.00244140625,0.04132080078125
S2A_MSIL1C_20211101T141331_N0500_R053_T24WWU_20221228T011417_r6400_c5120,5,3,0.0009307861328125,0.0403900146484375
S2A_MSIL1C_20211101T141331_N0500_R053_T24WWU_20221228T011417_r6400_c5120,10,5,0.0005950927734375,0.039794921875
S2A_MSIL1C_20211101T141331_N0500_R053_T24WWU_20221228T011417_r6400_c5120,20,10,0.000274658203125,0.039520263671875
S2A_MSIL1C_20211101T141331_N0500_R053_T24WWU_20221228T011417_r6656_c4864,1,,,0.024017333984375
S2A_MSIL1C_20211101T141331_N0500_R053_T24WWU_20221228T011417_r6656_c4864,3,1,0.000457763671875,0.023712158203125
S2A_MSIL1C_20211101T141331_N0500_R053_T24WWU_20221228T011417_r6656_c4864,5,3,9.1552734375e-05,0.02362060546875
S2A_MSIL1C_20211101T141331_N0500_R053_T24WWU_20221228T011417_r6656_c4864,10,5,0.0001220703125,0.02349853515625
S2A_MSIL1C_20211101T141331_N0500_R053_T24WWU_20221228T011417_r6656_c4864,20,10,1.52587890625e-05,0.0234832763671875
S2A_MSIL1C_20211101T141331_N0500_R053_T24WWU_20221228T011417_r7168_c4864,1,,,0.0442047119140625
S2A_MSIL1C_20211101T141331_N0500_R053_T24WWU_20221228T011417_r7168_c4864,3,1,0.0018463134765625,0.04254150390625
S2A_MSIL1C_20211101T141331_N0500_R053_T24WWU_20221228T011417_r7168_c4864,5,3,0.000640869140625,0.041961669921875
S2A_MSIL1C_20211101T141331_N0500_R053_T24WWU_20221228T011417_r7168_c4864,10,5,0.00042724609375,0.04156494140625
S2A_MSIL1C_20211101T141331_N0500_R053_T24WWU_20221228T011417_r7168_c4864,20,10,0.0003204345703125,0.0412750244140625
S2A_MSIL1C_20211101T141331_N0500_R053_T24WWU_20221228T011417_r8704_c2816,1,,,0.0
S2A_MSIL1C_20211101T141331_N0500_R053_T24WWU_20221228T011417_r8704_c2816,3,1,0.0,0.0
S2A_MSIL1C_20211101T141331_N0500_R053_T24WWU_20221228T011417_r8704_c2816,5,3,0.0,0.0
S2A_MSIL1C_20211101T141331_N0500_R053_T24WWU_20221228T011417_r8704_c2816,10,5,0.0,0.0
S2A_MSIL1C_20211101T141331_N0500_R053_T24WWU_20221228T011417_r8704_c2816,20,10,0.0,0.0
S2A_MSIL1C_20211101T141331_N0500_R053_T24WWU_20221228T011417_r9216_c4096,1,,,0.022064208984375
S2A_MSIL1C_20211101T141331_N0500_R053_T24WWU_20221228T011417_r9216_c4096,3,1,0.002471923828125,0.019744873046875
S2A_MSIL1C_20211101T141331_N0500_R053_T24WWU_20221228T011417_r9216_c4096,5,3,0.0019073486328125,0.0178375244140625
S2A_MSIL1C_20211101T141331_N0500_R053_T24WWU_20221228T011417_r9216_c4096,10,5,0.0023345947265625,0.0155029296875
S2A_MSIL1C_20211101T141331_N0500_R053_T24WWU_20221228T011417_r9216_c4096,20,10,0.000762939453125,0.014739990234375
S2A_MSIL1C_20221004T140031_N0510_R010_T25WES_20240721T141025_r10496_c1792,1,,,0.000244140625
S2A_MSIL1C_20221004T140031_N0510_R010_T25WES_20240721T141025_r10496_c1792,3,1,0.000213623046875,3.0517578125e-05
S2A_MSIL1C_20221004T140031_N0510_R010_T25WES_20240721T141025_r10496_c1792,5,3,1.52587890625e-05,1.52587890625e-05
S2A_MSIL1C_20221004T140031_N0510_R010_T25WES_20240721T141025_r10496_c1792,10,5,0.0,1.52587890625e-05
S2A_MSIL1C_20221004T140031_N0510_R010_T25WES_20240721T141025_r10496_c1792,20,10,0.0,1.52587890625e-05
S2A_MSIL1C_20221004T140031_N0510_R010_T25WES_20240721T141025_r9984_c1792,1,,,0.047088623046875
S2A_MSIL1C_20221004T140031_N0510_R010_T25WES_20240721T141025_r9984_c1792,3,1,0.0022430419921875,0.0448455810546875
S2A_MSIL1C_20221004T140031_N0510_R010_T25WES_20240721T141025_r9984_c1792,5,3,0.0006561279296875,0.044189453125
S2A_MSIL1C_20221004T140031_N0510_R010_T25WES_20240721T141025_r9984_c1792,10,5,0.0004730224609375,0.0437164306640625
S2A_MSIL1C_20221004T140031_N0510_R010_T25WES_20240721T141025_r9984_c1792,20,10,0.0002593994140625,0.04345703125
S2A_MSIL1C_20221102T143351_N0510_R139_T24WWT_20240715T155321_r2560_c2560,1,,,0.061614990234375
S2A_MSIL1C_20221102T143351_N0510_R139_T24WWT_20240715T155321_r2560_c2560,3,1,0.0019989013671875,0.0604095458984375
S2A_MSIL1C_20221102T143351_N0510_R139_T24WWT_20240715T155321_r2560_c2560,5,3,0.0004119873046875,0.060150146484375
S2A_MSIL1C_20221102T143351_N0510_R139_T24WWT_20240715T155321_r2560_c2560,10,5,0.0003814697265625,0.0598907470703125
S2A_MSIL1C_20221102T143351_N0510_R139_T24WWT_20240715T155321_r2560_c2560,20,10,4.57763671875e-05,0.05987548828125
S2A_MSIL1C_20221102T143351_N0510_R139_T24WWT_20240715T155321_r3072_c1536,1,,,0.0053253173828125
S2A_MSIL1C_20221102T143351_N0510_R139_T24WWT_20240715T155321_r3072_c1536,3,1,0.0002288818359375,0.005523681640625
S2A_MSIL1C_20221102T143351_N0510_R139_T24WWT_20240715T155321_r3072_c1536,5,3,0.0001220703125,0.005645751953125
S2A_MSIL1C_20221102T143351_N0510_R139_T24WWT_20240715T155321_r3072_c1536,10,5,6.103515625e-05,0.005706787109375
S2A_MSIL1C_20221102T143351_N0510_R139_T24WWT_20240715T155321_r3072_c1536,20,10,1.52587890625e-05,0.0057220458984375
S2A_MSIL1C_20221102T143351_N0510_R139_T24WWT_20240715T155321_r5376_c0768,1,,,0.0
S2A_MSIL1C_20221102T143351_N0510_R139_T24WWT_20240715T155321_r5376_c0768,3,1,0.0,0.0
S2A_MSIL1C_20221102T143351_N0510_R139_T24WWT_20240715T155321_r5376_c0768,5,3,0.0,0.0
S2A_MSIL1C_20221102T143351_N0510_R139_T24WWT_20240715T155321_r5376_c0768,10,5,0.0,0.0
S2A_MSIL1C_20221102T143351_N0510_R139_T24WWT_20240715T155321_r5376_c0768,20,10,0.0,0.0
S2A_MSIL1C_20221102T143351_N0510_R139_T24WWT_20240715T155321_r5632_c0512,1,,,0.0003814697265625
S2A_MSIL1C_20221102T143351_N0510_R139_T24WWT_20240715T155321_r5632_c0512,3,1,0.0003814697265625,0.0
S2A_MSIL1C_20221102T143351_N0510_R139_T24WWT_20240715T155321_r5632_c0512,5,3,0.0,0.0
S2A_MSIL1C_20221102T143351_N0510_R139_T24WWT_20240715T155321_r5632_c0512,10,5,0.0,0.0
S2A_MSIL1C_20221102T143351_N0510_R139_T24WWT_20240715T155321_r5632_c0512,20,10,0.0,0.0
S2A_MSIL1C_20221102T143351_N0510_R139_T24WWT_20240715T155321_r5632_c1536,1,,,0.0
S2A_MSIL1C_20221102T143351_N0510_R139_T24WWT_20240715T155321_r5632_c1536,3,1,0.0,0.0
S2A_MSIL1C_20221102T143351_N0510_R139_T24WWT_20240715T155321_r5632_c1536,5,3,0.0,0.0
S2A_MSIL1C_20221102T143351_N0510_R139_T24WWT_20240715T155321_r5632_c1536,10,5,0.0,0.0
S2A_MSIL1C_20221102T143351_N0510_R139_T24WWT_20240715T155321_r5632_c1536,20,10,0.0,0.0
S2A_MSIL1C_20221102T143351_N0510_R139_T24WWU_20240715T155321_r6656_c5376,1,,,0.1345977783203125
S2A_MSIL1C_20221102T143351_N0510_R139_T24WWU_20240715T155321_r6656_c5376,3,1,0.0045928955078125,0.13018798828125
S2A_MSIL1C_20221102T143351_N0510_R139_T24WWU_20240715T155321_r6656_c5376,5,3,0.0011749267578125,0.1290435791015625
S2A_MSIL1C_20221102T143351_N0510_R139_T24WWU_20240715T155321_r6656_c5376,10,5,0.0008392333984375,0.128204345703125
S2A_MSIL1C_20221102T143351_N0510_R139_T24WWU_20240715T155321_r6656_c5376,20,10,0.0004730224609375,0.1277313232421875
S2B_MSIL1C_20170918T140959_N0500_R053_T25WER_20230825T143125_r3584_c3584,1,,,0.0
S2B_MSIL1C_20170918T140959_N0500_R053_T25WER_20230825T143125_r3584_c3584,3,1,0.0,0.0
S2B_MSIL1C_20170918T140959_N0500_R053_T25WER_20230825T143125_r3584_c3584,5,3,0.0,0.0
S2B_MSIL1C_20170918T140959_N0500_R053_T25WER_20230825T143125_r3584_c3584,10,5,0.0,0.0
S2B_MSIL1C_20170918T140959_N0500_R053_T25WER_20230825T143125_r3584_c3584,20,10,0.0,0.0
S2B_MSIL1C_20170918T140959_N0500_R053_T25WER_20230825T143125_r3840_c3840,1,,,0.0150909423828125
S2B_MSIL1C_20170918T140959_N0500_R053_T25WER_20230825T143125_r3840_c3840,3,1,0.0005035400390625,0.014923095703125
S2B_MSIL1C_20170918T140959_N0500_R053_T25WER_20230825T143125_r3840_c3840,5,3,0.000213623046875,0.014984130859375
S2B_MSIL1C_20170918T140959_N0500_R053_T25WER_20230825T143125_r3840_c3840,10,5,0.000213623046875,0.01507568359375
S2B_MSIL1C_20170918T140959_N0500_R053_T25WER_20230825T143125_r3840_c3840,20,10,0.00018310546875,0.015167236328125
S2B_MSIL1C_20170918T140959_N0500_R053_T25WER_20230825T143125_r4096_c5376,1,,,0.0019378662109375
S2B_MSIL1C_20170918T140959_N0500_R053_T25WER_20230825T143125_r4096_c5376,3,1,0.0003814697265625,0.0015869140625
S2B_MSIL1C_20170918T140959_N0500_R053_T25WER_20230825T143125_r4096_c5376,5,3,0.0001373291015625,0.0014495849609375
S2B_MSIL1C_20170918T140959_N0500_R053_T25WER_20230825T143125_r4096_c5376,10,5,6.103515625e-05,0.0013885498046875
S2B_MSIL1C_20170918T140959_N0500_R053_T25WER_20230825T143125_r4096_c5376,20,10,6.103515625e-05,0.0013275146484375
S2B_MSIL1C_20170918T140959_N0500_R053_T25WER_20230825T143125_r4608_c6656,1,,,0.0
S2B_MSIL1C_20170918T140959_N0500_R053_T25WER_20230825T143125_r4608_c6656,3,1,0.0,0.0
S2B_MSIL1C_20170918T140959_N0500_R053_T25WER_20230825T143125_r4608_c6656,5,3,0.0,0.0
S2B_MSIL1C_20170918T140959_N0500_R053_T25WER_20230825T143125_r4608_c6656,10,5,0.0,0.0
S2B_MSIL1C_20170918T140959_N0500_R053_T25WER_20230825T143125_r4608_c6656,20,10,0.0,0.0
S2B_MSIL1C_20170918T140959_N0500_R053_T25WER_20230825T143125_r4864_c5632,1,,,0.0
S2B_MSIL1C_20170918T140959_N0500_R053_T25WER_20230825T143125_r4864_c5632,3,1,0.0,0.0
S2B_MSIL1C_20170918T140959_N0500_R053_T25WER_20230825T143125_r4864_c5632,5,3,0.0,0.0
S2B_MSIL1C_20170918T140959_N0500_R053_T25WER_20230825T143125_r4864_c5632,10,5,0.0,0.0
S2B_MSIL1C_20170918T140959_N0500_R053_T25WER_20230825T143125_r4864_c5632,20,10,0.0,0.0
S2B_MSIL1C_20170918T140959_N0500_R053_T25WER_20230825T143125_r4864_c8192,1,,,0.0
S2B_MSIL1C_20170918T140959_N0500_R053_T25WER_20230825T143125_r4864_c8192,3,1,0.0,0.0
S2B_MSIL1C_20170918T140959_N0500_R053_T25WER_20230825T143125_r4864_c8192,5,3,0.0,0.0
S2B_MSIL1C_20170918T140959_N0500_R053_T25WER_20230825T143125_r4864_c8192,10,5,0.0,0.0
S2B_MSIL1C_20170918T140959_N0500_R053_T25WER_20230825T143125_r4864_c8192,20,10,0.0,0.0
S2B_MSIL1C_20170918T140959_N0500_R053_T25WER_20230825T143125_r5376_c4864,1,,,0.0
S2B_MSIL1C_20170918T140959_N0500_R053_T25WER_20230825T143125_r5376_c4864,3,1,0.0,0.0
S2B_MSIL1C_20170918T140959_N0500_R053_T25WER_20230825T143125_r5376_c4864,5,3,0.0,0.0
S2B_MSIL1C_20170918T140959_N0500_R053_T25WER_20230825T143125_r5376_c4864,10,5,0.0,0.0
S2B_MSIL1C_20170918T140959_N0500_R053_T25WER_20230825T143125_r5376_c4864,20,10,0.0,0.0
S2B_MSIL1C_20170918T140959_N0500_R053_T25WER_20230825T143125_r5376_c5120,1,,,0.0
S2B_MSIL1C_20170918T140959_N0500_R053_T25WER_20230825T143125_r5376_c5120,3,1,0.0,0.0
S2B_MSIL1C_20170918T140959_N0500_R053_T25WER_20230825T143125_r5376_c5120,5,3,0.0,0.0
S2B_MSIL1C_20170918T140959_N0500_R053_T25WER_20230825T143125_r5376_c5120,10,5,0.0,0.0
S2B_MSIL1C_20170918T140959_N0500_R053_T25WER_20230825T143125_r5376_c5120,20,10,0.0,0.0
S2B_MSIL1C_20170918T140959_N0500_R053_T25WER_20230825T143125_r5376_c6400,1,,,0.0
S2B_MSIL1C_20170918T140959_N0500_R053_T25WER_20230825T143125_r5376_c6400,3,1,0.0,0.0
S2B_MSIL1C_20170918T140959_N0500_R053_T25WER_20230825T143125_r5376_c6400,5,3,0.0,0.0
S2B_MSIL1C_20170918T140959_N0500_R053_T25WER_20230825T143125_r5376_c6400,10,5,0.0,0.0
S2B_MSIL1C_20170918T140959_N0500_R053_T25WER_20230825T143125_r5376_c6400,20,10,0.0,0.0
S2B_MSIL1C_20170918T140959_N0500_R053_T25WER_20230825T143125_r5632_c4608,1,,,0.0
S2B_MSIL1C_20170918T140959_N0500_R053_T25WER_20230825T143125_r5632_c4608,3,1,0.0,0.0
S2B_MSIL1C_20170918T140959_N0500_R053_T25WER_20230825T143125_r5632_c4608,5,3,0.0,0.0
S2B_MSIL1C_20170918T140959_N0500_R053_T25WER_20230825T143125_r5632_c4608,10,5,0.0,0.0
S2B_MSIL1C_20170918T140959_N0500_R053_T25WER_20230825T143125_r5632_c4608,20,10,0.0,0.0
S2B_MSIL1C_20170918T140959_N0500_R053_T25WER_20230825T143125_r8704_c6656,1,,,0.0
S2B_MSIL1C_20170918T140959_N0500_R053_T25WER_20230825T143125_r8704_c6656,3,1,0.0,0.0
S2B_MSIL1C_20170918T140959_N0500_R053_T25WER_20230825T143125_r8704_c6656,5,3,0.0,0.0
S2B_MSIL1C_20170918T140959_N0500_R053_T25WER_20230825T143125_r8704_c6656,10,5,0.0,0.0
S2B_MSIL1C_20170918T140959_N0500_R053_T25WER_20230825T143125_r8704_c6656,20,10,0.0,0.0
S2B_MSIL1C_20170918T140959_N0500_R053_T25WER_20230825T143125_r8704_c7424,1,,,0.0
S2B_MSIL1C_20170918T140959_N0500_R053_T25WER_20230825T143125_r8704_c7424,3,1,0.0,0.0
S2B_MSIL1C_20170918T140959_N0500_R053_T25WER_20230825T143125_r8704_c7424,5,3,0.0,0.0
S2B_MSIL1C_20170918T140959_N0500_R053_T25WER_20230825T143125_r8704_c7424,10,5,0.0,0.0
S2B_MSIL1C_20170918T140959_N0500_R053_T25WER_20230825T143125_r8704_c7424,20,10,0.0,0.0
S2B_MSIL1C_20171001T141959_N0500_R096_T24WVT_20230815T172207_r7936_c10240,1,,,0.0
S2B_MSIL1C_20171001T141959_N0500_R096_T24WVT_20230815T172207_r7936_c10240,3,1,0.0,0.0
S2B_MSIL1C_20171001T141959_N0500_R096_T24WVT_20230815T172207_r7936_c10240,5,3,0.0,0.0
S2B_MSIL1C_20171001T141959_N0500_R096_T24WVT_20230815T172207_r7936_c10240,10,5,0.0,0.0
S2B_MSIL1C_20171001T141959_N0500_R096_T24WVT_20230815T172207_r7936_c10240,20,10,0.0,0.0
S2B_MSIL1C_20171002T135009_N0500_R110_T25WEQ_20230817T124207_r0256_c0512,1,,,0.0
S2B_MSIL1C_20171002T135009_N0500_R110_T25WEQ_20230817T124207_r0256_c0512,3,1,0.0,0.0
S2B_MSIL1C_20171002T135009_N0500_R110_T25WEQ_20230817T124207_r0256_c0512,5,3,0.0,0.0
S2B_MSIL1C_20171002T135009_N0500_R110_T25WEQ_20230817T124207_r0256_c0512,10,5,0.0,0.0
S2B_MSIL1C_20171002T135009_N0500_R110_T25WEQ_20230817T124207_r0256_c0512,20,10,0.0,0.0
S2B_MSIL1C_20171002T135009_N0500_R110_T25WEQ_20230817T124207_r0512_c1536,1,,,0.000396728515625
S2B_MSIL1C_20171002T135009_N0500_R110_T25WEQ_20230817T124207_r0512_c1536,3,1,0.000396728515625,0.0
S2B_MSIL1C_20171002T135009_N0500_R110_T25WEQ_20230817T124207_r0512_c1536,5,3,0.0,0.0
S2B_MSIL1C_20171002T135009_N0500_R110_T25WEQ_20230817T124207_r0512_c1536,10,5,0.0,0.0
S2B_MSIL1C_20171002T135009_N0500_R110_T25WEQ_20230817T124207_r0512_c1536,20,10,0.0,0.0
S2B_MSIL1C_20171002T135009_N0500_R110_T25WEQ_20230817T124207_r0512_c4096,1,,,0.0
S2B_MSIL1C_20171002T135009_N0500_R110_T25WEQ_20230817T124207_r0512_c4096,3,1,0.0,0.0
S2B_MSIL1C_20171002T135009_N0500_R110_T25WEQ_20230817T124207_r0512_c4096,5,3,0.0,0.0
S2B_MSIL1C_20171002T135009_N0500_R110_T25WEQ_20230817T124207_r0512_c4096,10,5,0.0,0.0
S2B_MSIL1C_20171002T135009_N0500_R110_T25WEQ_20230817T124207_r0512_c4096,20,10,0.0,0.0
S2B_MSIL1C_20171002T135009_N0500_R110_T25WER_20230817T124207_r10496_c0256,1,,,0.0
S2B_MSIL1C_20171002T135009_N0500_R110_T25WER_20230817T124207_r10496_c0256,3,1,0.0,0.0
S2B_MSIL1C_20171002T135009_N0500_R110_T25WER_20230817T124207_r10496_c0256,5,3,0.0,0.0
S2B_MSIL1C_20171002T135009_N0500_R110_T25WER_20230817T124207_r10496_c0256,10,5,0.0,0.0
S2B_MSIL1C_20171002T135009_N0500_R110_T25WER_20230817T124207_r10496_c0256,20,10,0.0,0.0
S2B_MSIL1C_20171002T135009_N0500_R110_T25WER_20230817T124207_r10496_c1024,1,,,0.0
S2B_MSIL1C_20171002T135009_N0500_R110_T25WER_20230817T124207_r10496_c1024,3,1,0.0,0.0
S2B_MSIL1C_20171002T135009_N0500_R110_T25WER_20230817T124207_r10496_c1024,5,3,0.0,0.0
S2B_MSIL1C_20171002T135009_N0500_R110_T25WER_20230817T124207_r10496_c1024,10,5,0.0,0.0
S2B_MSIL1C_20171002T135009_N0500_R110_T25WER_20230817T124207_r10496_c1024,20,10,0.0,0.0
S2B_MSIL1C_20171002T135009_N0500_R110_T25WER_20230817T124207_r10496_c3072,1,,,0.0
S2B_MSIL1C_20171002T135009_N0500_R110_T25WER_20230817T124207_r10496_c3072,3,1,0.0,0.0
S2B_MSIL1C_20171002T135009_N0500_R110_T25WER_20230817T124207_r10496_c3072,5,3,0.0,0.0
S2B_MSIL1C_20171002T135009_N0500_R110_T25WER_20230817T124207_r10496_c3072,10,5,0.0,0.0
S2B_MSIL1C_20171002T135009_N0500_R110_T25WER_20230817T124207_r10496_c3072,20,10,0.0,0.0
S2B_MSIL1C_20171002T135009_N0500_R110_T25WER_20230817T124207_r1280_c3072,1,,,0.019287109375
S2B_MSIL1C_20171002T135009_N0500_R110_T25WER_20230817T124207_r1280_c3072,3,1,0.000885009765625,0.018402099609375
S2B_MSIL1C_20171002T135009_N0500_R110_T25WER_20230817T124207_r1280_c3072,5,3,0.0002593994140625,0.0181427001953125
S2B_MSIL1C_20171002T135009_N0500_R110_T25WER_20230817T124207_r1280_c3072,10,5,0.0003204345703125,0.017822265625
S2B_MSIL1C_20171002T135009_N0500_R110_T25WER_20230817T124207_r1280_c3072,20,10,6.103515625e-05,0.01776123046875
S2B_MSIL1C_20171002T135009_N0500_R110_T25WER_20230817T124207_r4608_c6656,1,,,0.0
S2B_MSIL1C_20171002T135009_N0500_R110_T25WER_20230817T124207_r4608_c6656,3,1,0.0,0.0
S2B_MSIL1C_20171002T135009_N0500_R110_T25WER_20230817T124207_r4608_c6656,5,3,0.0,0.0
S2B_MSIL1C_20171002T135009_N0500_R110_T25WER_20230817T124207_r4608_c6656,10,5,0.0,0.0
S2B_MSIL1C_20171002T135009_N0500_R110_T25WER_20230817T124207_r4608_c6656,20,10,0.0,0.0
S2B_MSIL1C_20171002T135009_N0500_R110_T25WER_20230817T124207_r7168_c7168,1,,,0.0
S2B_MSIL1C_20171002T135009_N0500_R110_T25WER_20230817T124207_r7168_c7168,3,1,0.0,0.0
S2B_MSIL1C_20171002T135009_N0500_R110_T25WER_20230817T124207_r7168_c7168,5,3,0.0,0.0
S2B_MSIL1C_20171002T135009_N0500_R110_T25WER_20230817T124207_r7168_c7168,10,5,0.0,0.0
S2B_MSIL1C_20171002T135009_N0500_R110_T25WER_20230817T124207_r7168_c7168,20,10,0.0,0.0
S2B_MSIL1C_20171002T135009_N0500_R110_T25WER_20230817T124207_r8192_c2048,1,,,0.0114898681640625
S2B_MSIL1C_20171002T135009_N0500_R110_T25WER_20230817T124207_r8192_c2048,3,1,0.000579833984375,0.0109100341796875
S2B_MSIL1C_20171002T135009_N0500_R110_T25WER_20230817T124207_r8192_c2048,5,3,0.0001068115234375,0.01080322265625
S2B_MSIL1C_20171002T135009_N0500_R110_T25WER_20230817T124207_r8192_c2048,10,5,0.0001373291015625,0.0106658935546875
S2B_MSIL1C_20171002T135009_N0500_R110_T25WER_20230817T124207_r8192_c2048,20,10,9.1552734375e-05,0.0105743408203125
S2B_MSIL1C_20171002T135009_N0500_R110_T25WER_20230817T124207_r8448_c2816,1,,,0.0
S2B_MSIL1C_20171002T135009_N0500_R110_T25WER_20230817T124207_r8448_c2816,3,1,0.0,0.0
S2B_MSIL1C_20171002T135009_N0500_R110_T25WER_20230817T124207_r8448_c2816,5,3,0.0,0.0
S2B_MSIL1C_20171002T135009_N0500_R110_T25WER_20230817T124207_r8448_c2816,10,5,0.0,0.0
S2B_MSIL1C_20171002T135009_N0500_R110_T25WER_20230817T124207_r8448_c2816,20,10,0.0,0.0
S2B_MSIL1C_20171002T135009_N0500_R110_T25WER_20230817T124207_r8448_c3840,1,,,0.0
S2B_MSIL1C_20171002T135009_N0500_R110_T25WER_20230817T124207_r8448_c3840,3,1,0.0,0.0
S2B_MSIL1C_20171002T135009_N0500_R110_T25WER_20230817T124207_r8448_c3840,5,3,0.0,0.0
S2B_MSIL1C_20171002T135009_N0500_R110_T25WER_20230817T124207_r8448_c3840,10,5,0.0,0.0
S2B_MSIL1C_20171002T135009_N0500_R110_T25WER_20230817T124207_r8448_c3840,20,10,0.0,0.0
S2B_MSIL1C_20171002T135009_N0500_R110_T25WER_20230817T124207_r8704_c2816,1,,,0.0
S2B_MSIL1C_20171002T135009_N0500_R110_T25WER_20230817T124207_r8704_c2816,3,1,0.0,0.0
S2B_MSIL1C_20171002T135009_N0500_R110_T25WER_20230817T124207_r8704_c2816,5,3,0.0,0.0
S2B_MSIL1C_20171002T135009_N0500_R110_T25WER_20230817T124207_r8704_c2816,10,5,0.0,0.0
S2B_MSIL1C_20171002T135009_N0500_R110_T25WER_20230817T124207_r8704_c2816,20,10,0.0,0.0
S2B_MSIL1C_20171002T135009_N0500_R110_T25WER_20230817T124207_r9216_c4352,1,,,0.0
S2B_MSIL1C_20171002T135009_N0500_R110_T25WER_20230817T124207_r9216_c4352,3,1,0.0,0.0
S2B_MSIL1C_20171002T135009_N0500_R110_T25WER_20230817T124207_r9216_c4352,5,3,0.0,0.0
S2B_MSIL1C_20171002T135009_N0500_R110_T25WER_20230817T124207_r9216_c4352,10,5,0.0,0.0
S2B_MSIL1C_20171002T135009_N0500_R110_T25WER_20230817T124207_r9216_c4352,20,10,0.0,0.0
S2B_MSIL1C_20171002T135009_N0500_R110_T25WER_20230817T124207_r9472_c9728,1,,,0.0
S2B_MSIL1C_20171002T135009_N0500_R110_T25WER_20230817T124207_r9472_c9728,3,1,0.0,0.0
S2B_MSIL1C_20171002T135009_N0500_R110_T25WER_20230817T124207_r9472_c9728,5,3,0.0,0.0
S2B_MSIL1C_20171002T135009_N0500_R110_T25WER_20230817T124207_r9472_c9728,10,5,0.0,0.0
S2B_MSIL1C_20171002T135009_N0500_R110_T25WER_20230817T124207_r9472_c9728,20,10,0.0,0.0
S2B_MSIL1C_20171002T135009_N0500_R110_T25WER_20230817T124207_r9728_c0768,1,,,0.00079345703125
S2B_MSIL1C_20171002T135009_N0500_R110_T25WER_20230817T124207_r9728_c0768,3,1,0.00079345703125,0.0
S2B_MSIL1C_20171002T135009_N0500_R110_T25WER_20230817T124207_r9728_c0768,5,3,0.0,0.0
S2B_MSIL1C_20171002T135009_N0500_R110_T25WER_20230817T124207_r9728_c0768,10,5,0.0,0.0
S2B_MSIL1C_20171002T135009_N0500_R110_T25WER_20230817T124207_r9728_c0768,20,10,0.0,0.0
S2B_MSIL1C_20171002T135009_N0500_R110_T25WER_20230817T124207_r9984_c0768,1,,,0.0
S2B_MSIL1C_20171002T135009_N0500_R110_T25WER_20230817T124207_r9984_c0768,3,1,0.0,0.0
S2B_MSIL1C_20171002T135009_N0500_R110_T25WER_20230817T124207_r9984_c0768,5,3,0.0,0.0
S2B_MSIL1C_20171002T135009_N0500_R110_T25WER_20230817T124207_r9984_c0768,10,5,0.0,0.0
S2B_MSIL1C_20171002T135009_N0500_R110_T25WER_20230817T124207_r9984_c0768,20,10,0.0,0.0
S2B_MSIL1C_20181003T141019_N0500_R053_T25WDQ_20230619T164213_r0000_c10496,1,,,0.012969970703125
S2B_MSIL1C_20181003T141019_N0500_R053_T25WDQ_20230619T164213_r0000_c10496,3,1,0.000335693359375,0.012664794921875
S2B_MSIL1C_20181003T141019_N0500_R053_T25WDQ_20230619T164213_r0000_c10496,5,3,3.0517578125e-05,0.01263427734375
S2B_MSIL1C_20181003T141019_N0500_R053_T25WDQ_20230619T164213_r0000_c10496,10,5,1.52587890625e-05,0.0126190185546875
S2B_MSIL1C_20181003T141019_N0500_R053_T25WDQ_20230619T164213_r0000_c10496,20,10,0.0,0.0126190185546875
S2B_MSIL1C_20181003T141019_N0500_R053_T25WDQ_20230619T164213_r0512_c10496,1,,,0.0
S2B_MSIL1C_20181003T141019_N0500_R053_T25WDQ_20230619T164213_r0512_c10496,3,1,0.0,0.0
S2B_MSIL1C_20181003T141019_N0500_R053_T25WDQ_20230619T164213_r0512_c10496,5,3,0.0,0.0
S2B_MSIL1C_20181003T141019_N0500_R053_T25WDQ_20230619T164213_r0512_c10496,10,5,0.0,0.0
S2B_MSIL1C_20181003T141019_N0500_R053_T25WDQ_20230619T164213_r0512_c10496,20,10,0.0,0.0
S2B_MSIL1C_20181003T141019_N0500_R053_T25WEQ_20230619T164213_r0000_c1024,1,,,0.061309814453125
S2B_MSIL1C_20181003T141019_N0500_R053_T25WEQ_20230619T164213_r0000_c1024,3,1,0.013336181640625,0.048004150390625
S2B_MSIL1C_20181003T141019_N0500_R053_T25WEQ_20230619T164213_r0000_c1024,5,3,0.0065155029296875,0.0414886474609375
S2B_MSIL1C_20181003T141019_N0500_R053_T25WEQ_20230619T164213_r0000_c1024,10,5,0.0099639892578125,0.031524658203125
S2B_MSIL1C_20181003T141019_N0500_R053_T25WEQ_20230619T164213_r0000_c1024,20,10,0.009735107421875,0.02178955078125
S2B_MSIL1C_20181003T141019_N0500_R053_T25WEQ_20230619T164213_r0512_c0768,1,,,0.0
S2B_MSIL1C_20181003T141019_N0500_R053_T25WEQ_20230619T164213_r0512_c0768,3,1,0.0,0.0
S2B_MSIL1C_20181003T141019_N0500_R053_T25WEQ_20230619T164213_r0512_c0768,5,3,0.0,0.0
S2B_MSIL1C_20181003T141019_N0500_R053_T25WEQ_20230619T164213_r0512_c0768,10,5,0.0,0.0
S2B_MSIL1C_20181003T141019_N0500_R053_T25WEQ_20230619T164213_r0512_c0768,20,10,0.0,0.0
S2B_MSIL1C_20181102T141339_N0500_R053_T24WWT_20230617T110018_r4096_c10240,1,,,0.0022125244140625
S2B_MSIL1C_20181102T141339_N0500_R053_T24WWT_20230617T110018_r4096_c10240,3,1,0.001861572265625,0.0003509521484375
S2B_MSIL1C_20181102T141339_N0500_R053_T24WWT_20230617T110018_r4096_c10240,5,3,0.0003509521484375,0.0
S2B_MSIL1C_20181102T141339_N0500_R053_T24WWT_20230617T110018_r4096_c10240,10,5,0.0,0.0
S2B_MSIL1C_20181102T141339_N0500_R053_T24WWT_20230617T110018_r4096_c10240,20,10,0.0,0.0
S2B_MSIL1C_20181102T141339_N0500_R053_T24WWT_20230617T110018_r4096_c9472,1,,,0.0059051513671875
S2B_MSIL1C_20181102T141339_N0500_R053_T24WWT_20230617T110018_r4096_c9472,3,1,0.002227783203125,0.0036773681640625
S2B_MSIL1C_20181102T141339_N0500_R053_T24WWT_20230617T110018_r4096_c9472,5,3,0.0003509521484375,0.003326416015625
S2B_MSIL1C_20181102T141339_N0500_R053_T24WWT_20230617T110018_r4096_c9472,10,5,0.0001678466796875,0.0031585693359375
S2B_MSIL1C_20181102T141339_N0500_R053_T24WWT_20230617T110018_r4096_c9472,20,10,0.00018310546875,0.0029754638671875
S2B_MSIL1C_20181102T141339_N0500_R053_T24WWT_20230617T110018_r6656_c7424,1,,,0.0
S2B_MSIL1C_20181102T141339_N0500_R053_T24WWT_20230617T110018_r6656_c7424,3,1,0.0,0.0
S2B_MSIL1C_20181102T141339_N0500_R053_T24WWT_20230617T110018_r6656_c7424,5,3,0.0,0.0
S2B_MSIL1C_20181102T141339_N0500_R053_T24WWT_20230617T110018_r6656_c7424,10,5,0.0,0.0
S2B_MSIL1C_20181102T141339_N0500_R053_T24WWT_20230617T110018_r6656_c7424,20,10,0.0,0.0
S2B_MSIL1C_20181102T141339_N0500_R053_T24WWT_20230617T110018_r6912_c8704,1,,,0.0
S2B_MSIL1C_20181102T141339_N0500_R053_T24WWT_20230617T110018_r6912_c8704,3,1,0.0,0.0
S2B_MSIL1C_20181102T141339_N0500_R053_T24WWT_20230617T110018_r6912_c8704,5,3,0.0,0.0
S2B_MSIL1C_20181102T141339_N0500_R053_T24WWT_20230617T110018_r6912_c8704,10,5,0.0,0.0
S2B_MSIL1C_20181102T141339_N0500_R053_T24WWT_20230617T110018_r6912_c8704,20,10,0.0,0.0
S2B_MSIL1C_20181102T141339_N0500_R053_T24WXT_20230617T110018_r5120_c0768,1,,,0.0
S2B_MSIL1C_20181102T141339_N0500_R053_T24WXT_20230617T110018_r5120_c0768,3,1,0.0,0.0
S2B_MSIL1C_20181102T141339_N0500_R053_T24WXT_20230617T110018_r5120_c0768,5,3,0.0,0.0
S2B_MSIL1C_20181102T141339_N0500_R053_T24WXT_20230617T110018_r5120_c0768,10,5,0.0,0.0
S2B_MSIL1C_20181102T141339_N0500_R053_T24WXT_20230617T110018_r5120_c0768,20,10,0.0,0.0
S2B_MSIL1C_20191001T142009_N0500_R096_T24WWU_20230612T151249_r7936_c4864,1,,,0.0876617431640625
S2B_MSIL1C_20191001T142009_N0500_R096_T24WWU_20230612T151249_r7936_c4864,3,1,0.00860595703125,0.0790557861328125
S2B_MSIL1C_20191001T142009_N0500_R096_T24WWU_20230612T151249_r7936_c4864,5,3,0.0020599365234375,0.076995849609375
S2B_MSIL1C_20191001T142009_N0500_R096_T24WWU_20230612T151249_r7936_c4864,10,5,0.0016937255859375,0.0753021240234375
S2B_MSIL1C_20191001T142009_N0500_R096_T24WWU_20230612T151249_r7936_c4864,20,10,0.00054931640625,0.0747528076171875
S2B_MSIL1C_20191104T140249_N0500_R010_T25WER_20230525T120804_r3328_c4096,1,,,0.00299072265625
S2B_MSIL1C_20191104T140249_N0500_R010_T25WER_20230525T120804_r3328_c4096,3,1,0.000274658203125,0.002716064453125
S2B_MSIL1C_20191104T140249_N0500_R010_T25WER_20230525T120804_r3328_c4096,5,3,9.1552734375e-05,0.00262451171875
S2B_MSIL1C_20191104T140249_N0500_R010_T25WER_20230525T120804_r3328_c4096,10,5,6.103515625e-05,0.0025634765625
S2B_MSIL1C_20191104T140249_N0500_R010_T25WER_20230525T120804_r3328_c4096,20,10,9.1552734375e-05,0.002471923828125
S2B_MSIL1C_20191104T140249_N0500_R010_T25WER_20230525T120804_r5120_c4096,1,,,0.0265350341796875
S2B_MSIL1C_20191104T140249_N0500_R010_T25WER_20230525T120804_r5120_c4096,3,1,0.0003204345703125,0.026275634765625
S2B_MSIL1C_20191104T140249_N0500_R010_T25WER_20230525T120804_r5120_c4096,5,3,6.103515625e-05,0.02630615234375
S2B_MSIL1C_20191104T140249_N0500_R010_T25WER_20230525T120804_r5120_c4096,10,5,0.0001220703125,0.026214599609375
S2B_MSIL1C_20191104T140249_N0500_R010_T25WER_20230525T120804_r5120_c4096,20,10,1.52587890625e-05,0.0261993408203125
S2B_MSIL1C_20191104T140249_N0500_R010_T25WER_20230525T120804_r8448_c2048,1,,,0.018157958984375
S2B_MSIL1C_20191104T140249_N0500_R010_T25WER_20230525T120804_r8448_c2048,3,1,0.0002899169921875,0.0180511474609375
S2B_MSIL1C_20191104T140249_N0500_R010_T25WER_20230525T120804_r8448_c2048,5,3,4.57763671875e-05,0.01800537109375
S2B_MSIL1C_20191104T140249_N0500_R010_T25WER_20230525T120804_r8448_c2048,10,5,1.52587890625e-05,0.0179901123046875
S2B_MSIL1C_20191104T140249_N0500_R010_T25WER_20230525T120804_r8448_c2048,20,10,0.0,0.0179901123046875
S2B_MSIL1C_20201009T140009_N0500_R010_T25WEQ_20230305T173153_r0512_c7168,1,,,0.0
S2B_MSIL1C_20201009T140009_N0500_R010_T25WEQ_20230305T173153_r0512_c7168,3,1,0.0,0.0
S2B_MSIL1C_20201009T140009_N0500_R010_T25WEQ_20230305T173153_r0512_c7168,5,3,0.0,0.0
S2B_MSIL1C_20201009T140009_N0500_R010_T25WEQ_20230305T173153_r0512_c7168,10,5,0.0,0.0
S2B_MSIL1C_20201009T140009_N0500_R010_T25WEQ_20230305T173153_r0512_c7168,20,10,0.0,0.0
S2B_MSIL1C_20201009T140009_N0500_R010_T25WEQ_20230305T173153_r0768_c1280,1,,,0.0
S2B_MSIL1C_20201009T140009_N0500_R010_T25WEQ_20230305T173153_r0768_c1280,3,1,0.0,0.0
S2B_MSIL1C_20201009T140009_N0500_R010_T25WEQ_20230305T173153_r0768_c1280,5,3,0.0,0.0
S2B_MSIL1C_20201009T140009_N0500_R010_T25WEQ_20230305T173153_r0768_c1280,10,5,0.0,0.0
S2B_MSIL1C_20201009T140009_N0500_R010_T25WEQ_20230305T173153_r0768_c1280,20,10,0.0,0.0
S2B_MSIL1C_20201009T140009_N0500_R010_T25WES_20230305T173153_r9472_c2048,1,,,0.0328369140625
S2B_MSIL1C_20201009T140009_N0500_R010_T25WES_20230305T173153_r9472_c2048,3,1,0.0014190673828125,0.0314178466796875
S2B_MSIL1C_20201009T140009_N0500_R010_T25WES_20230305T173153_r9472_c2048,5,3,0.00030517578125,0.0311126708984375
S2B_MSIL1C_20201009T140009_N0500_R010_T25WES_20230305T173153_r9472_c2048,10,5,9.1552734375e-05,0.0310211181640625
S2B_MSIL1C_20201009T140009_N0500_R010_T25WES_20230305T173153_r9472_c2048,20,10,6.103515625e-05,0.0309600830078125
S2B_MSIL1C_20201104T142359_N0500_R096_T24WWU_20230318T134630_r8704_c4096,1,,,0.0174102783203125
S2B_MSIL1C_20201104T142359_N0500_R096_T24WWU_20230318T134630_r8704_c4096,3,1,0.0014190673828125,0.01617431640625
S2B_MSIL1C_20201104T142359_N0500_R096_T24WWU_20230318T134630_r8704_c4096,5,3,0.0005035400390625,0.0156707763671875
S2B_MSIL1C_20201104T142359_N0500_R096_T24WWU_20230318T134630_r8704_c4096,10,5,0.0002288818359375,0.015472412109375
S2B_MSIL1C_20201104T142359_N0500_R096_T24WWU_20230318T134630_r8704_c4096,20,10,0.0001983642578125,0.0152740478515625
S2B_MSIL1C_20201104T142359_N0500_R096_T24WWU_20230318T134630_r8960_c3072,1,,,0.016448974609375
S2B_MSIL1C_20201104T142359_N0500_R096_T24WWU_20230318T134630_r8960_c3072,3,1,0.0004730224609375,0.0161285400390625
S2B_MSIL1C_20201104T142359_N0500_R096_T24WWU_20230318T134630_r8960_c3072,5,3,0.0001678466796875,0.0159912109375
S2B_MSIL1C_20201104T142359_N0500_R096_T24WWU_20230318T134630_r8960_c3072,10,5,0.0001678466796875,0.0158233642578125
S2B_MSIL1C_20201104T142359_N0500_R096_T24WWU_20230318T134630_r8960_c3072,20,10,9.1552734375e-05,0.0157318115234375
S2B_MSIL1C_20211001T134859_N0500_R110_T25WDR_20230112T231721_r9472_c10240,1,,,3.0517578125e-05
S2B_MSIL1C_20211001T134859_N0500_R110_T25WDR_20230112T231721_r9472_c10240,3,1,3.0517578125e-05,0.0
S2B_MSIL1C_20211001T134859_N0500_R110_T25WDR_20230112T231721_r9472_c10240,5,3,0.0,0.0
S2B_MSIL1C_20211001T134859_N0500_R110_T25WDR_20230112T231721_r9472_c10240,10,5,0.0,0.0
S2B_MSIL1C_20211001T134859_N0500_R110_T25WDR_20230112T231721_r9472_c10240,20,10,0.0,0.0
S2B_MSIL1C_20211001T134859_N0500_R110_T25WEQ_20230112T231721_r0512_c6144,1,,,0.0
S2B_MSIL1C_20211001T134859_N0500_R110_T25WEQ_20230112T231721_r0512_c6144,3,1,0.0,0.0
S2B_MSIL1C_20211001T134859_N0500_R110_T25WEQ_20230112T231721_r0512_c6144,5,3,0.0,0.0
S2B_MSIL1C_20211001T134859_N0500_R110_T25WEQ_20230112T231721_r0512_c6144,10,5,0.0,0.0
S2B_MSIL1C_20211001T134859_N0500_R110_T25WEQ_20230112T231721_r0512_c6144,20,10,0.0,0.0
S2B_MSIL1C_20211001T134859_N0500_R110_T25WER_20230112T231721_r10240_c6400,1,,,0.0
S2B_MSIL1C_20211001T134859_N0500_R110_T25WER_20230112T231721_r10240_c6400,3,1,0.0,0.0
S2B_MSIL1C_20211001T134859_N0500_R110_T25WER_20230112T231721_r10240_c6400,5,3,0.0,0.0
S2B_MSIL1C_20211001T134859_N0500_R110_T25WER_20230112T231721_r10240_c6400,10,5,0.0,0.0
S2B_MSIL1C_20211001T134859_N0500_R110_T25WER_20230112T231721_r10240_c6400,20,10,0.0,0.0
S2B_MSIL1C_20211001T134859_N0500_R110_T25WER_20230112T231721_r3328_c2816,1,,,0.0
S2B_MSIL1C_20211001T134859_N0500_R110_T25WER_20230112T231721_r3328_c2816,3,1,0.0,0.0
S2B_MSIL1C_20211001T134859_N0500_R110_T25WER_20230112T231721_r3328_c2816,5,3,0.0,0.0
S2B_MSIL1C_20211001T134859_N0500_R110_T25WER_20230112T231721_r3328_c2816,10,5,0.0,0.0
S2B_MSIL1C_20211001T134859_N0500_R110_T25WER_20230112T231721_r3328_c2816,20,10,0.0,0.0
S2B_MSIL1C_20211001T134859_N0500_R110_T25WER_20230112T231721_r3328_c3072,1,,,0.0002288818359375
S2B_MSIL1C_20211001T134859_N0500_R110_T25WER_20230112T231721_r3328_c3072,3,1,6.103515625e-05,0.0001678466796875
S2B_MSIL1C_20211001T134859_N0500_R110_T25WER_20230112T231721_r3328_c3072,5,3,0.0,0.0001678466796875
S2B_MSIL1C_20211001T134859_N0500_R110_T25WER_20230112T231721_r3328_c3072,10,5,0.0,0.0001678466796875
S2B_MSIL1C_20211001T134859_N0500_R110_T25WER_20230112T231721_r3328_c3072,20,10,1.52587890625e-05,0.000152587890625
S2B_MSIL1C_20211001T134859_N0500_R110_T25WER_20230112T231721_r3840_c3584,1,,,0.0022430419921875
S2B_MSIL1C_20211001T134859_N0500_R110_T25WER_20230112T231721_r3840_c3584,3,1,0.0005035400390625,0.001739501953125
S2B_MSIL1C_20211001T134859_N0500_R110_T25WER_20230112T231721_r3840_c3584,5,3,0.0002899169921875,0.0014495849609375
S2B_MSIL1C_20211001T134859_N0500_R110_T25WER_20230112T231721_r3840_c3584,10,5,0.000396728515625,0.0010528564453125
S2B_MSIL1C_20211001T134859_N0500_R110_T25WER_20230112T231721_r3840_c3584,20,10,0.000244140625,0.0008087158203125
S2B_MSIL1C_20211001T134859_N0500_R110_T25WER_20230112T231721_r3840_c4608,1,,,0.0003662109375
S2B_MSIL1C_20211001T134859_N0500_R110_T25WER_20230112T231721_r3840_c4608,3,1,0.000244140625,0.0001220703125
S2B_MSIL1C_20211001T134859_N0500_R110_T25WER_20230112T231721_r3840_c4608,5,3,4.57763671875e-05,7.62939453125e-05
S2B_MSIL1C_20211001T134859_N0500_R110_T25WER_20230112T231721_r3840_c4608,10,5,7.62939453125e-05,0.0
S2B_MSIL1C_20211001T134859_N0500_R110_T25WER_20230112T231721_r3840_c4608,20,10,0.0,0.0
S2B_MSIL1C_20211001T134859_N0500_R110_T25WER_20230112T231721_r5376_c4096,1,,,0.0284881591796875
S2B_MSIL1C_20211001T134859_N0500_R110_T25WER_20230112T231721_r5376_c4096,3,1,0.0007781982421875,0.028045654296875
S2B_MSIL1C_20211001T134859_N0500_R110_T25WER_20230112T231721_r5376_c4096,5,3,0.000152587890625,0.027984619140625
S2B_MSIL1C_20211001T134859_N0500_R110_T25WER_20230112T231721_r5376_c4096,10,5,0.000152587890625,0.02801513671875
S2B_MSIL1C_20211001T134859_N0500_R110_T25WER_20230112T231721_r5376_c4096,20,10,4.57763671875e-05,0.0280303955078125
S2B_MSIL1C_20211001T134859_N0500_R110_T25WER_20230112T231721_r6144_c3840,1,,,0.097198486328125
S2B_MSIL1C_20211001T134859_N0500_R110_T25WER_20230112T231721_r6144_c3840,3,1,0.0070648193359375,0.0904693603515625
S2B_MSIL1C_20211001T134859_N0500_R110_T25WER_20230112T231721_r6144_c3840,5,3,0.00274658203125,0.0877838134765625
S2B_MSIL1C_20211001T134859_N0500_R110_T25WER_20230112T231721_r6144_c3840,10,5,0.002471923828125,0.0853729248046875
S2B_MSIL1C_20211001T134859_N0500_R110_T25WER_20230112T231721_r6144_c3840,20,10,0.0012664794921875,0.0841064453125
S2B_MSIL1C_20211001T134859_N0500_R110_T25WER_20230112T231721_r6912_c5632,1,,,0.0
S2B_MSIL1C_20211001T134859_N0500_R110_T25WER_20230112T231721_r6912_c5632,3,1,0.0,0.0
S2B_MSIL1C_20211001T134859_N0500_R110_T25WER_20230112T231721_r6912_c5632,5,3,0.0,0.0
S2B_MSIL1C_20211001T134859_N0500_R110_T25WER_20230112T231721_r6912_c5632,10,5,0.0,0.0
S2B_MSIL1C_20211001T134859_N0500_R110_T25WER_20230112T231721_r6912_c5632,20,10,0.0,0.0
S2B_MSIL1C_20211001T134859_N0500_R110_T25WER_20230112T231721_r7168_c3072,1,,,0.007110595703125
S2B_MSIL1C_20211001T134859_N0500_R110_T25WER_20230112T231721_r7168_c3072,3,1,0.0019073486328125,0.0052032470703125
S2B_MSIL1C_20211001T134859_N0500_R110_T25WER_20230112T231721_r7168_c3072,5,3,0.00042724609375,0.0047760009765625
S2B_MSIL1C_20211001T134859_N0500_R110_T25WER_20230112T231721_r7168_c3072,10,5,0.0008544921875,0.0039215087890625
S2B_MSIL1C_20211001T134859_N0500_R110_T25WER_20230112T231721_r7168_c3072,20,10,0.00054931640625,0.0033721923828125
S2B_MSIL1C_20211001T134859_N0500_R110_T25WER_20230112T231721_r7936_c4096,1,,,0.0004425048828125
S2B_MSIL1C_20211001T134859_N0500_R110_T25WER_20230112T231721_r7936_c4096,3,1,0.0004425048828125,0.0
S2B_MSIL1C_20211001T134859_N0500_R110_T25WER_20230112T231721_r7936_c4096,5,3,0.0,0.0
S2B_MSIL1C_20211001T134859_N0500_R110_T25WER_20230112T231721_r7936_c4096,10,5,0.0,0.0
S2B_MSIL1C_20211001T134859_N0500_R110_T25WER_20230112T231721_r7936_c4096,20,10,0.0,0.0
S2B_MSIL1C_20211001T134859_N0500_R110_T25WER_20230112T231721_r7936_c6912,1,,,0.0
S2B_MSIL1C_20211001T134859_N0500_R110_T25WER_20230112T231721_r7936_c6912,3,1,0.0,0.0
S2B_MSIL1C_20211001T134859_N0500_R110_T25WER_20230112T231721_r7936_c6912,5,3,0.0,0.0
S2B_MSIL1C_20211001T134859_N0500_R110_T25WER_20230112T231721_r7936_c6912,10,5,0.0,0.0
S2B_MSIL1C_20211001T134859_N0500_R110_T25WER_20230112T231721_r7936_c6912,20,10,0.0,0.0
S2B_MSIL1C_20211001T134859_N0500_R110_T25WER_20230112T231721_r8448_c2048,1,,,0.0
S2B_MSIL1C_20211001T134859_N0500_R110_T25WER_20230112T231721_r8448_c2048,3,1,0.0,0.0
S2B_MSIL1C_20211001T134859_N0500_R110_T25WER_20230112T231721_r8448_c2048,5,3,0.0,0.0
S2B_MSIL1C_20211001T134859_N0500_R110_T25WER_20230112T231721_r8448_c2048,10,5,0.0,0.0
S2B_MSIL1C_20211001T134859_N0500_R110_T25WER_20230112T231721_r8448_c2048,20,10,0.0,0.0
S2B_MSIL1C_20211001T134859_N0500_R110_T25WER_20230112T231721_r8704_c6400,1,,,0.0
S2B_MSIL1C_20211001T134859_N0500_R110_T25WER_20230112T231721_r8704_c6400,3,1,0.0,0.0
S2B_MSIL1C_20211001T134859_N0500_R110_T25WER_20230112T231721_r8704_c6400,5,3,0.0,0.0
S2B_MSIL1C_20211001T134859_N0500_R110_T25WER_20230112T231721_r8704_c6400,10,5,0.0,0.0
S2B_MSIL1C_20211001T134859_N0500_R110_T25WER_20230112T231721_r8704_c6400,20,10,0.0,0.0
S2B_MSIL1C_20211001T134859_N0500_R110_T25WER_20230112T231721_r8960_c5632,1,,,0.0
S2B_MSIL1C_20211001T134859_N0500_R110_T25WER_20230112T231721_r8960_c5632,3,1,0.0,0.0
S2B_MSIL1C_20211001T134859_N0500_R110_T25WER_20230112T231721_r8960_c5632,5,3,0.0,0.0
S2B_MSIL1C_20211001T134859_N0500_R110_T25WER_20230112T231721_r8960_c5632,10,5,0.0,0.0
S2B_MSIL1C_20211001T134859_N0500_R110_T25WER_20230112T231721_r8960_c5632,20,10,0.0,0.0
S2B_MSIL1C_20211001T134859_N0500_R110_T25WER_20230112T231721_r9728_c4352,1,,,0.0
S2B_MSIL1C_20211001T134859_N0500_R110_T25WER_20230112T231721_r9728_c4352,3,1,0.0,0.0
S2B_MSIL1C_20211001T134859_N0500_R110_T25WER_20230112T231721_r9728_c4352,5,3,0.0,0.0
S2B_MSIL1C_20211001T134859_N0500_R110_T25WER_20230112T231721_r9728_c4352,10,5,0.0,0.0
S2B_MSIL1C_20211001T134859_N0500_R110_T25WER_20230112T231721_r9728_c4352,20,10,0.0,0.0
S2B_MSIL1C_20211001T134859_N0500_R110_T25WER_20230112T231721_r9984_c0768,1,,,0.0
S2B_MSIL1C_20211001T134859_N0500_R110_T25WER_20230112T231721_r9984_c0768,3,1,0.0,0.0
S2B_MSIL1C_20211001T134859_N0500_R110_T25WER_20230112T231721_r9984_c0768,5,3,0.0,0.0
S2B_MSIL1C_20211001T134859_N0500_R110_T25WER_20230112T231721_r9984_c0768,10,5,0.0,0.0
S2B_MSIL1C_20211001T134859_N0500_R110_T25WER_20230112T231721_r9984_c0768,20,10,0.0,0.0
S2B_MSIL1C_20211001T134859_N0500_R110_T25WER_20230112T231721_r9984_c2048,1,,,0.0
S2B_MSIL1C_20211001T134859_N0500_R110_T25WER_20230112T231721_r9984_c2048,3,1,0.0,0.0
S2B_MSIL1C_20211001T134859_N0500_R110_T25WER_20230112T231721_r9984_c2048,5,3,0.0,0.0
S2B_MSIL1C_20211001T134859_N0500_R110_T25WER_20230112T231721_r9984_c2048,10,5,0.0,0.0
S2B_MSIL1C_20211001T134859_N0500_R110_T25WER_20230112T231721_r9984_c2048,20,10,0.0,0.0
S2B_MSIL1C_20211103T140249_N0500_R010_T25WEQ_20230101T103834_r0512_c4096,1,,,0.0
S2B_MSIL1C_20211103T140249_N0500_R010_T25WEQ_20230101T103834_r0512_c4096,3,1,0.0,0.0
S2B_MSIL1C_20211103T140249_N0500_R010_T25WEQ_20230101T103834_r0512_c4096,5,3,0.0,0.0
S2B_MSIL1C_20211103T140249_N0500_R010_T25WEQ_20230101T103834_r0512_c4096,10,5,0.0,0.0
S2B_MSIL1C_20211103T140249_N0500_R010_T25WEQ_20230101T103834_r0512_c4096,20,10,0.0,0.0
S2B_MSIL1C_20211103T140249_N0500_R010_T25WEQ_20230101T103834_r0768_c3328,1,,,0.0284576416015625
S2B_MSIL1C_20211103T140249_N0500_R010_T25WEQ_20230101T103834_r0768_c3328,3,1,0.0038909912109375,0.025115966796875
S2B_MSIL1C_20211103T140249_N0500_R010_T25WEQ_20230101T103834_r0768_c3328,5,3,0.001312255859375,0.024444580078125
S2B_MSIL1C_20211103T140249_N0500_R010_T25WEQ_20230101T103834_r0768_c3328,10,5,0.0008087158203125,0.0243988037109375
S2B_MSIL1C_20211103T140249_N0500_R010_T25WEQ_20230101T103834_r0768_c3328,20,10,0.0001678466796875,0.024383544921875
S2B_MSIL1C_20211103T140249_N0500_R010_T25WER_20230101T103834_r3072_c4096,1,,,0.067962646484375
S2B_MSIL1C_20211103T140249_N0500_R010_T25WER_20230101T103834_r3072_c4096,3,1,0.0078125,0.06024169921875
S2B_MSIL1C_20211103T140249_N0500_R010_T25WER_20230101T103834_r3072_c4096,5,3,0.0023956298828125,0.0578460693359375
S2B_MSIL1C_20211103T140249_N0500_R010_T25WER_20230101T103834_r3072_c4096,10,5,0.0016937255859375,0.056182861328125
S2B_MSIL1C_20211103T140249_N0500_R010_T25WER_20230101T103834_r3072_c4096,20,10,0.0006256103515625,0.0555572509765625
S2B_MSIL1C_20211103T140249_N0500_R010_T25WER_20230101T103834_r3328_c3584,1,,,0.065887451171875
S2B_MSIL1C_20211103T140249_N0500_R010_T25WER_20230101T103834_r3328_c3584,3,1,0.0011138916015625,0.0659942626953125
S2B_MSIL1C_20211103T140249_N0500_R010_T25WER_20230101T103834_r3328_c3584,5,3,0.000213623046875,0.0660552978515625
S2B_MSIL1C_20211103T140249_N0500_R010_T25WER_20230101T103834_r3328_c3584,10,5,0.000213623046875,0.0659637451171875
S2B_MSIL1C_20211103T140249_N0500_R010_T25WER_20230101T103834_r3328_c3584,20,10,0.0003662109375,0.0657196044921875
S2B_MSIL1C_20211103T140249_N0500_R010_T25WER_20230101T103834_r5120_c3584,1,,,0.0559539794921875
S2B_MSIL1C_20211103T140249_N0500_R010_T25WER_20230101T103834_r5120_c3584,3,1,0.0008697509765625,0.05572509765625
S2B_MSIL1C_20211103T140249_N0500_R010_T25WER_20230101T103834_r5120_c3584,5,3,0.00018310546875,0.055633544921875
S2B_MSIL1C_20211103T140249_N0500_R010_T25WER_20230101T103834_r5120_c3584,10,5,6.103515625e-05,0.05560302734375
S2B_MSIL1C_20211103T140249_N0500_R010_T25WER_20230101T103834_r5120_c3584,20,10,1.52587890625e-05,0.0555877685546875
S2B_MSIL1C_20211103T140249_N0500_R010_T25WER_20230101T103834_r5632_c5120,1,,,0.0
S2B_MSIL1C_20211103T140249_N0500_R010_T25WER_20230101T103834_r5632_c5120,3,1,0.0,0.0
S2B_MSIL1C_20211103T140249_N0500_R010_T25WER_20230101T103834_r5632_c5120,5,3,0.0,0.0
S2B_MSIL1C_20211103T140249_N0500_R010_T25WER_20230101T103834_r5632_c5120,10,5,0.0,0.0
S2B_MSIL1C_20211103T140249_N0500_R010_T25WER_20230101T103834_r5632_c5120,20,10,0.0,0.0
S2B_MSIL1C_20211103T140249_N0500_R010_T25WER_20230101T103834_r8448_c1024,1,,,0.1352081298828125
S2B_MSIL1C_20211103T140249_N0500_R010_T25WER_20230101T103834_r8448_c1024,3,1,0.006988525390625,0.1286163330078125
S2B_MSIL1C_20211103T140249_N0500_R010_T25WER_20230101T103834_r8448_c1024,5,3,0.0013275146484375,0.1273193359375
S2B_MSIL1C_20211103T140249_N0500_R010_T25WER_20230101T103834_r8448_c1024,10,5,0.001007080078125,0.126312255859375
S2B_MSIL1C_20211103T140249_N0500_R010_T25WER_20230101T103834_r8448_c1024,20,10,0.000762939453125,0.12554931640625
S2B_MSIL1C_20211103T140249_N0500_R010_T25WER_20230101T103834_r9984_c1024,1,,,0.004180908203125
S2B_MSIL1C_20211103T140249_N0500_R010_T25WER_20230101T103834_r9984_c1024,3,1,0.0004119873046875,0.0037994384765625
S2B_MSIL1C_20211103T140249_N0500_R010_T25WER_20230101T103834_r9984_c1024,5,3,0.000244140625,0.0035552978515625
S2B_MSIL1C_20211103T140249_N0500_R010_T25WER_20230101T103834_r9984_c1024,10,5,0.00042724609375,0.0031280517578125
S2B_MSIL1C_20211103T140249_N0500_R010_T25WER_20230101T103834_r9984_c1024,20,10,0.0003662109375,0.0027618408203125
S2B_MSIL1C_20221005T141949_N0510_R096_T24WWU_20240727T202953_r4608_c7168,1,,,0.071380615234375
S2B_MSIL1C_20221005T141949_N0510_R096_T24WWU_20240727T202953_r4608_c7168,3,1,0.0049285888671875,0.0664520263671875
S2B_MSIL1C_20221005T141949_N0510_R096_T24WWU_20240727T202953_r4608_c7168,5,3,0.0012664794921875,0.065185546875
S2B_MSIL1C_20221005T141949_N0510_R096_T24WWU_20240727T202953_r4608_c7168,10,5,0.0009765625,0.064208984375
S2B_MSIL1C_20221005T141949_N0510_R096_T24WWU_20240727T202953_r4608_c7168,20,10,0.0004119873046875,0.0637969970703125
S2B_MSIL1C_20221005T141949_N0510_R096_T24WWU_20240727T202953_r5632_c6656,1,,,0.06524658203125
S2B_MSIL1C_20221005T141949_N0510_R096_T24WWU_20240727T202953_r5632_c6656,3,1,0.004547119140625,0.06072998046875
S2B_MSIL1C_20221005T141949_N0510_R096_T24WWU_20240727T202953_r5632_c6656,5,3,0.0012969970703125,0.0594329833984375
S2B_MSIL1C_20221005T141949_N0510_R096_T24WWU_20240727T202953_r5632_c6656,10,5,0.0006866455078125,0.058746337890625
S2B_MSIL1C_20221005T141949_N0510_R096_T24WWU_20240727T202953_r5632_c6656,20,10,0.0003204345703125,0.0584259033203125
S2B_MSIL1C_20221005T141949_N0510_R096_T24WWU_20240727T202953_r6144_c5376,1,,,0.0641326904296875
S2B_MSIL1C_20221005T141949_N0510_R096_T24WWU_20240727T202953_r6144_c5376,3,1,0.0050201416015625,0.05914306640625
S2B_MSIL1C_20221005T141949_N0510_R096_T24WWU_20240727T202953_r6144_c5376,5,3,0.0012359619140625,0.0579376220703125
S2B_MSIL1C_20221005T141949_N0510_R096_T24WWU_20240727T202953_r6144_c5376,10,5,0.000823974609375,0.0571136474609375
S2B_MSIL1C_20221005T141949_N0510_R096_T24WWU_20240727T202953_r6144_c5376,20,10,0.0006561279296875,0.05645751953125
S2B_MSIL1C_20221005T141949_N0510_R096_T24WWU_20240727T202953_r6144_c5632,1,,,0.0879974365234375
S2B_MSIL1C_20221005T141949_N0510_R096_T24WWU_20240727T202953_r6144_c5632,3,1,0.0063018798828125,0.081817626953125
S2B_MSIL1C_20221005T141949_N0510_R096_T24WWU_20240727T202953_r6144_c5632,5,3,0.0012969970703125,0.0805206298828125
S2B_MSIL1C_20221005T141949_N0510_R096_T24WWU_20240727T202953_r6144_c5632,10,5,0.0010986328125,0.0794219970703125
S2B_MSIL1C_20221005T141949_N0510_R096_T24WWU_20240727T202953_r6144_c5632,20,10,0.000579833984375,0.0788421630859375
S2B_MSIL1C_20221005T141949_N0510_R096_T24WWU_20240727T202953_r6144_c6400,1,,,0.0669097900390625
S2B_MSIL1C_20221005T141949_N0510_R096_T24WWU_20240727T202953_r6144_c6400,3,1,0.003204345703125,0.0637359619140625
S2B_MSIL1C_20221005T141949_N0510_R096_T24WWU_20240727T202953_r6144_c6400,5,3,0.0008544921875,0.0628814697265625
S2B_MSIL1C_20221005T141949_N0510_R096_T24WWU_20240727T202953_r6144_c6400,10,5,0.000579833984375,0.0623016357421875
S2B_MSIL1C_20221005T141949_N0510_R096_T24WWU_20240727T202953_r6144_c6400,20,10,0.0003662109375,0.0619354248046875
S2B_MSIL1C_20221005T141949_N0510_R096_T24WWU_20240727T202953_r8960_c2560,1,,,0.0
S2B_MSIL1C_20221005T141949_N0510_R096_T24WWU_20240727T202953_r8960_c2560,3,1,0.0,0.0
S2B_MSIL1C_20221005T141949_N0510_R096_T24WWU_20240727T202953_r8960_c2560,5,3,0.0,0.0
S2B_MSIL1C_20221005T141949_N0510_R096_T24WWU_20240727T202953_r8960_c2560,10,5,0.0,0.0
S2B_MSIL1C_20221005T141949_N0510_R096_T24WWU_20240727T202953_r8960_c2560,20,10,0.0,0.0
S2B_MSIL1C_20221101T141329_N0510_R053_T24WWT_20240712T091554_r5888_c4352,1,,,0.0
S2B_MSIL1C_20221101T141329_N0510_R053_T24WWT_20240712T091554_r5888_c4352,3,1,0.0,0.0
S2B_MSIL1C_20221101T141329_N0510_R053_T24WWT_20240712T091554_r5888_c4352,5,3,0.0,0.0
S2B_MSIL1C_20221101T141329_N0510_R053_T24WWT_20240712T091554_r5888_c4352,10,5,0.0,0.0
S2B_MSIL1C_20221101T141329_N0510_R053_T24WWT_20240712T091554_r5888_c4352,20,10,0.0,0.0
