chip_stem,sza_bin,radius_px,n_recovered,total_recovered_m2,max_area_m2,median_area_m2,has_base_mask
fisser_0001,sza_lt65,5,103,2111600.0,732000.0,3200.0,False
fisser_0001,sza_lt65,10,91,2422500.0,886100.0,3300.0,False
fisser_0001,sza_lt65,15,79,2557000.0,1702100.0,3600.0,False
fisser_0001,sza_lt65,20,75,2631400.0,1758300.0,4000.0,False
fisser_0005,sza_lt65,5,59,2166000.0,1764800.0,3100.0,False
fisser_0005,sza_lt65,10,8,3599200.0,3568300.0,5100.0,False
fisser_0005,sza_lt65,15,5,4260300.0,4237700.0,3100.0,False
fisser_0005,sza_lt65,20,3,4425000.0,4420300.0,3100.0,False
fisser_0010,sza_lt65,5,218,1442600.0,89900.0,3350.0,False
fisser_0010,sza_lt65,10,206,1628400.0,123100.0,3650.0,False
fisser_0010,sza_lt65,15,207,1698300.0,128000.0,3600.0,False
fisser_0010,sza_lt65,20,206,1743100.0,130700.0,3500.0,False
fisser_0011,sza_lt65,5,15,107200.0,27900.0,4900.0,False
fisser_0011,sza_lt65,10,15,117100.0,31700.0,5000.0,False
fisser_0011,sza_lt65,15,15,118900.0,31900.0,5000.0,False
fisser_0011,sza_lt65,20,15,119100.0,32000.0,5100.0,False
fisser_0018,sza_lt65,5,44,245300.0,46700.0,2650.0,False
fisser_0018,sza_lt65,10,44,268200.0,53900.0,2650.0,False
fisser_0018,sza_lt65,15,43,292500.0,54600.0,3300.0,False
fisser_0018,sza_lt65,20,44,318000.0,55400.0,2800.0,False
fisser_0019,sza_lt65,5,23,86600.0,15800.0,2400.0,False
fisser_0019,sza_lt65,10,41,322500.0,70700.0,3200.0,False
fisser_0019,sza_lt65,15,49,669800.0,341900.0,2500.0,False
fisser_0019,sza_lt65,20,40,1002600.0,584800.0,2750.0,False
fisser_0027,sza_lt65,5,51,631200.0,370200.0,3500.0,False
fisser_0027,sza_lt65,10,27,998900.0,901500.0,2800.0,False
fisser_0027,sza_lt65,15,26,1171900.0,1069800.0,3200.0,False
fisser_0027,sza_lt65,20,25,1206300.0,1108400.0,3200.0,False
fisser_0028,sza_lt65,5,97,889000.0,83800.0,3600.0,False
fisser_0028,sza_lt65,10,71,1297000.0,203900.0,4000.0,False
fisser_0028,sza_lt65,15,67,1419700.0,233700.0,4200.0,False
fisser_0028,sza_lt65,20,66,1448200.0,239200.0,3750.0,False
fisser_0035,sza_lt65,5,171,818200.0,36400.0,3100.0,False
fisser_0035,sza_lt65,10,169,941200.0,39200.0,3400.0,False
fisser_0035,sza_lt65,15,175,1031000.0,55200.0,3300.0,False
fisser_0035,sza_lt65,20,166,1084400.0,91200.0,3300.0,False
fisser_0036,sza_lt65,5,2,15100.0,11000.0,7550.0,False
fisser_0036,sza_lt65,10,2,18200.0,14100.0,9100.0,False
fisser_0036,sza_lt65,15,2,18200.0,14100.0,9100.0,False
fisser_0036,sza_lt65,20,2,18300.0,14200.0,9150.0,False
fisser_0039,sza_lt65,5,10,145700.0,63900.0,2700.0,False
fisser_0039,sza_lt65,10,10,175700.0,79000.0,2850.0,False
fisser_0039,sza_lt65,15,9,188500.0,88600.0,3300.0,False
fisser_0039,sza_lt65,20,9,190500.0,89700.0,3300.0,False
fisser_0040,sza_lt65,5,0,0.0,0.0,0.0,False
fisser_0040,sza_lt65,10,3,8200.0,3400.0,2800.0,False
fisser_0040,sza_lt65,15,3,10000.0,3800.0,3800.0,False
fisser_0040,sza_lt65,20,4,12700.0,4400.0,3300.0,False
fisser_0051,sza_lt65,5,150,1397000.0,668600.0,2750.0,False
fisser_0051,sza_lt65,10,144,1846700.0,997200.0,2700.0,False
fisser_0051,sza_lt65,15,136,2062100.0,1104900.0,2800.0,False
fisser_0051,sza_lt65,20,129,2195100.0,1335400.0,3200.0,False
fisser_0053,sza_lt65,5,7,178500.0,162700.0,2700.0,False
fisser_0053,sza_lt65,10,7,213500.0,195800.0,3200.0,False
fisser_0053,sza_lt65,15,10,226500.0,201300.0,2900.0,False
fisser_0053,sza_lt65,20,9,232500.0,205600.0,2900.0,False
fisser_0058,sza_lt65,5,5,4066300.0,4040400.0,5400.0,False
fisser_0058,sza_lt65,10,2,4829500.0,4827300.0,2414750.0,False
fisser_0058,sza_lt65,15,2,5023800.0,5021600.0,2511900.0,False
fisser_0058,sza_lt65,20,2,5075300.0,5072900.0,2537650.0,False
fisser_0076,sza_lt65,5,2,5020700.0,5018400.0,2510350.0,False
fisser_0076,sza_lt65,10,1,6025000.0,6025000.0,6025000.0,False
fisser_0076,sza_lt65,15,1,6248900.0,6248900.0,6248900.0,False
fisser_0076,sza_lt65,20,1,6345300.0,6345300.0,6345300.0,False
fisser_0083,sza_lt65,5,25,77100.0,12500.0,2500.0,False
fisser_0083,sza_lt65,10,26,81500.0,12700.0,2550.0,False
fisser_0083,sza_lt65,15,27,84000.0,12700.0,2600.0,False
fisser_0083,sza_lt65,20,29,87600.0,12700.0,2500.0,False
fisser_0089,sza_lt65,5,51,521400.0,103100.0,3800.0,False
fisser_0089,sza_lt65,10,49,618600.0,131500.0,3500.0,False
fisser_0089,sza_lt65,15,51,671100.0,143700.0,3400.0,False
fisser_0089,sza_lt65,20,51,690900.0,151300.0,3600.0,False
fisser_0116,sza_lt65,5,162,1113100.0,261900.0,3100.0,False
fisser_0116,sza_lt65,10,164,1290300.0,317100.0,3250.0,False
fisser_0116,sza_lt65,15,168,1368400.0,343700.0,3200.0,False
fisser_0116,sza_lt65,20,167,1418700.0,363700.0,3200.0,False
fisser_0120,sza_lt65,5,106,619700.0,133600.0,3250.0,False
fisser_0120,sza_lt65,10,52,1708500.0,717700.0,3950.0,False
fisser_0120,sza_lt65,15,11,2225700.0,2177400.0,4600.0,False
fisser_0120,sza_lt65,20,3,2532500.0,2526900.0,3100.0,False
fisser_0122,sza_lt65,5,198,959500.0,54500.0,3000.0,False
fisser_0122,sza_lt65,10,140,1503400.0,577100.0,2900.0,False
fisser_0122,sza_lt65,15,117,1785200.0,874900.0,2800.0,False
fisser_0122,sza_lt65,20,103,1985500.0,1092900.0,2800.0,False
fisser_0151,sza_lt65,5,115,2292600.0,1387700.0,2900.0,False
fisser_0151,sza_lt65,10,48,3207900.0,3018200.0,2750.0,False
fisser_0151,sza_lt65,15,42,3578800.0,3393300.0,2800.0,False
fisser_0151,sza_lt65,20,39,3774100.0,3593600.0,2900.0,False
fisser_0154,sza_lt65,5,0,0.0,0.0,0.0,False
fisser_0154,sza_lt65,10,1,1700.0,1700.0,1700.0,False
fisser_0154,sza_lt65,15,1,2100.0,2100.0,2100.0,False
fisser_0154,sza_lt65,20,3,5300.0,2100.0,1600.0,False
fisser_0168,sza_lt65,5,9,75100.0,47000.0,2700.0,False
fisser_0168,sza_lt65,10,11,100900.0,71400.0,2100.0,False
fisser_0168,sza_lt65,15,11,107300.0,77600.0,2200.0,False
fisser_0168,sza_lt65,20,11,108100.0,77700.0,2200.0,False
fisser_0170,sza_lt65,5,304,1642700.0,100900.0,3100.0,False
fisser_0170,sza_lt65,10,231,2263200.0,444400.0,3700.0,False
fisser_0170,sza_lt65,15,183,2528000.0,621300.0,4000.0,False
fisser_0170,sza_lt65,20,159,2704300.0,731500.0,4000.0,False
fisser_0188,sza_lt65,5,138,2306500.0,608800.0,4250.0,False
fisser_0188,sza_lt65,10,10,3644000.0,3556500.0,3950.0,False
fisser_0188,sza_lt65,15,5,4290900.0,4278400.0,3700.0,False
fisser_0188,sza_lt65,20,4,4644000.0,4636400.0,2950.0,False
fisser_0189,sza_lt65,5,171,806400.0,48000.0,2600.0,False
fisser_0189,sza_lt65,10,170,1037700.0,193900.0,2500.0,False
fisser_0189,sza_lt65,15,172,1135200.0,360500.0,2600.0,False
fisser_0189,sza_lt65,20,180,1193200.0,376200.0,2500.0,False
fisser_0193,sza_lt65,5,11,73600.0,21600.0,2500.0,False
fisser_0193,sza_lt65,10,13,98300.0,26400.0,3700.0,False
fisser_0193,sza_lt65,15,13,104000.0,26900.0,3900.0,False
fisser_0193,sza_lt65,20,13,105300.0,27100.0,4000.0,False
fisser_0198,sza_lt65,5,80,1335400.0,940200.0,3000.0,False
fisser_0198,sza_lt65,10,57,1899100.0,1559200.0,3400.0,False
fisser_0198,sza_lt65,15,50,2099600.0,1769200.0,3250.0,False
fisser_0198,sza_lt65,20,39,2230400.0,1900400.0,3200.0,False
fisser_0199,sza_lt65,5,12,4593400.0,4552300.0,2450.0,False
fisser_0199,sza_lt65,10,3,5726200.0,5709600.0,14500.0,False
fisser_0199,sza_lt65,15,2,5971800.0,5957300.0,2985900.0,False
fisser_0199,sza_lt65,20,2,6047100.0,6032600.0,3023550.0,False
fisser_0204,sza_lt65,5,0,0.0,0.0,0.0,False
fisser_0204,sza_lt65,10,1,1600.0,1600.0,1600.0,False
fisser_0204,sza_lt65,15,1,4200.0,4200.0,4200.0,False
fisser_0204,sza_lt65,20,1,4400.0,4400.0,4400.0,False
fisser_0208,sza_lt65,5,82,2682200.0,1782500.0,3450.0,False
fisser_0208,sza_lt65,10,33,3447000.0,3315100.0,3500.0,False
fisser_0208,sza_lt65,15,31,3751200.0,3619600.0,3500.0,False
fisser_0208,sza_lt65,20,28,3914700.0,3787100.0,3850.0,False
fisser_0214,sza_lt65,5,120,2262000.0,1600800.0,3400.0,False
fisser_0214,sza_lt65,10,97,3003200.0,2310300.0,3300.0,False
fisser_0214,sza_lt65,15,84,3338100.0,2583600.0,3900.0,False
fisser_0214,sza_lt65,20,78,3538800.0,2783500.0,3200.0,False
fisser_0217,sza_lt65,5,19,158300.0,26300.0,3700.0,False
fisser_0217,sza_lt65,10,18,191900.0,45400.0,3700.0,False
fisser_0217,sza_lt65,15,18,198200.0,46900.0,3750.0,False
fisser_0217,sza_lt65,20,18,199200.0,47200.0,3800.0,False
fisser_0225,sza_lt65,5,26,89200.0,12900.0,2150.0,False
fisser_0225,sza_lt65,10,26,91200.0,13600.0,2150.0,False
fisser_0225,sza_lt65,15,28,95800.0,13800.0,2250.0,False
fisser_0225,sza_lt65,20,29,98800.0,14000.0,2200.0,False
fisser_0232,sza_lt65,5,185,872300.0,92400.0,2800.0,False
fisser_0232,sza_lt65,10,199,1066600.0,129500.0,2800.0,False
fisser_0232,sza_lt65,15,194,1162800.0,137300.0,3000.0,False
fisser_0232,sza_lt65,20,182,1233900.0,144800.0,3100.0,False
fisser_0244,sza_lt65,5,21,184000.0,108500.0,3000.0,False
fisser_0244,sza_lt65,10,21,202400.0,124000.0,3000.0,False
fisser_0244,sza_lt65,15,21,212900.0,134100.0,3000.0,False
fisser_0244,sza_lt65,20,21,219600.0,140000.0,3000.0,False
fisser_0246,sza_lt65,5,62,3308400.0,2533500.0,3150.0,False
fisser_0246,sza_lt65,10,2,5645900.0,5643100.0,2822950.0,False
fisser_0246,sza_lt65,15,1,6154700.0,6154700.0,6154700.0,False
fisser_0246,sza_lt65,20,1,6306200.0,6306200.0,6306200.0,False
fisser_0253,sza_lt65,5,5,55500.0,27600.0,9100.0,False
fisser_0253,sza_lt65,10,2,86200.0,74800.0,43100.0,False
fisser_0253,sza_lt65,15,2,96300.0,84800.0,48150.0,False
fisser_0253,sza_lt65,20,2,113100.0,101600.0,56550.0,False
fisser_0260,sza_lt65,5,78,2233400.0,450700.0,4750.0,False
fisser_0260,sza_lt65,10,52,2741800.0,1601000.0,4900.0,False
fisser_0260,sza_lt65,15,48,3013900.0,1805200.0,4600.0,False
fisser_0260,sza_lt65,20,40,3167300.0,2033500.0,4850.0,False
fisser_0261,sza_lt65,5,6,87700.0,30200.0,15300.0,False
fisser_0261,sza_lt65,10,6,106000.0,37600.0,18500.0,False
fisser_0261,sza_lt65,15,7,109900.0,38400.0,16600.0,False
fisser_0261,sza_lt65,20,7,110400.0,38500.0,16600.0,False
fisser_0262,sza_lt65,5,33,140700.0,21700.0,2600.0,False
fisser_0262,sza_lt65,10,36,154000.0,25200.0,2300.0,False
fisser_0262,sza_lt65,15,36,157700.0,25300.0,2300.0,False
fisser_0262,sza_lt65,20,38,164500.0,25500.0,2350.0,False
fisser_0268,sza_lt65,5,152,1488200.0,139700.0,3750.0,False
fisser_0268,sza_lt65,10,56,2547800.0,2045500.0,2950.0,False
fisser_0268,sza_lt65,15,49,2933800.0,2409600.0,3000.0,False
fisser_0268,sza_lt65,20,45,3094600.0,2602000.0,2900.0,False
fisser_0272,sza_lt65,5,189,1434300.0,217100.0,3100.0,False
fisser_0272,sza_lt65,10,162,1760000.0,280000.0,3250.0,False
fisser_0272,sza_lt65,15,149,1903700.0,337300.0,3200.0,False
fisser_0272,sza_lt65,20,140,2021500.0,395500.0,3200.0,False
fisser_0273,sza_lt65,5,5,77900.0,52800.0,5000.0,False
fisser_0273,sza_lt65,10,5,96000.0,70600.0,5000.0,False
fisser_0273,sza_lt65,15,5,97600.0,72200.0,5000.0,False
fisser_0273,sza_lt65,20,5,98300.0,72900.0,5000.0,False
fisser_0290,sza_lt65,5,19,203400.0,37400.0,11000.0,False
fisser_0290,sza_lt65,10,19,231100.0,44700.0,11100.0,False
fisser_0290,sza_lt65,15,19,232200.0,45200.0,11100.0,False
fisser_0290,sza_lt65,20,19,232400.0,45200.0,11100.0,False
fisser_0293,sza_lt65,5,137,1024600.0,162800.0,3400.0,False
fisser_0293,sza_lt65,10,133,1175900.0,202200.0,3400.0,False
fisser_0293,sza_lt65,15,136,1236600.0,217200.0,3400.0,False
fisser_0293,sza_lt65,20,138,1269100.0,246300.0,3200.0,False
fisser_0301,sza_lt65,5,36,1863000.0,1583200.0,2950.0,False
fisser_0301,sza_lt65,10,9,3295900.0,3246300.0,3300.0,False
fisser_0301,sza_lt65,15,5,3753400.0,3722100.0,5600.0,False
fisser_0301,sza_lt65,20,5,3840700.0,3806600.0,7200.0,False
fisser_0319,sza_lt65,5,21,60900.0,8500.0,2400.0,False
fisser_0319,sza_lt65,10,22,67600.0,12900.0,2300.0,False
fisser_0319,sza_lt65,15,26,75400.0,12900.0,2100.0,False
fisser_0319,sza_lt65,20,26,79500.0,14100.0,2350.0,False
fisser_0320,sza_lt65,5,52,3962300.0,3667200.0,3100.0,False
fisser_0320,sza_lt65,10,3,5573500.0,5569700.0,2000.0,False
fisser_0320,sza_lt65,15,1,6092200.0,6092200.0,6092200.0,False
fisser_0320,sza_lt65,20,1,6237900.0,6237900.0,6237900.0,False
fisser_0326,sza_lt65,5,109,2895700.0,1183500.0,3600.0,False
fisser_0326,sza_lt65,10,57,3478900.0,2980100.0,3400.0,False
fisser_0326,sza_lt65,15,46,3740200.0,3289400.0,3350.0,False
fisser_0326,sza_lt65,20,39,3941300.0,3488500.0,4000.0,False
fisser_0348,sza_lt65,5,22,59000.0,3800.0,2650.0,False
fisser_0348,sza_lt65,10,23,62600.0,5300.0,2300.0,False
fisser_0348,sza_lt65,15,25,75200.0,8300.0,2300.0,False
fisser_0348,sza_lt65,20,28,90200.0,15000.0,2300.0,False
fisser_0352,sza_lt65,5,146,1280400.0,113600.0,4050.0,False
fisser_0352,sza_lt65,10,131,1565600.0,447400.0,4100.0,False
fisser_0352,sza_lt65,15,122,1652900.0,488900.0,3950.0,False
fisser_0352,sza_lt65,20,119,1698800.0,507500.0,4000.0,False
fisser_0354,sza_lt65,5,26,83100.0,6900.0,2600.0,False
fisser_0354,sza_lt65,10,26,84700.0,7100.0,2700.0,False
fisser_0354,sza_lt65,15,27,86800.0,7100.0,2800.0,False
fisser_0354,sza_lt65,20,27,90600.0,7300.0,2800.0,False
fisser_0357,sza_lt65,5,2,6100.0,3500.0,3050.0,False
fisser_0357,sza_lt65,10,5,24600.0,15800.0,1800.0,False
fisser_0357,sza_lt65,15,6,76700.0,65700.0,2300.0,False
fisser_0357,sza_lt65,20,10,150800.0,98300.0,2550.0,False
fisser_0386,sza_lt65,5,94,1857800.0,1194100.0,3500.0,False
fisser_0386,sza_lt65,10,40,2501700.0,2341000.0,2800.0,False
fisser_0386,sza_lt65,15,35,2789100.0,2641900.0,2600.0,False
fisser_0386,sza_lt65,20,25,3033900.0,2955200.0,2500.0,False
fisser_0389,sza_lt65,5,24,159200.0,31800.0,5150.0,False
fisser_0389,sza_lt65,10,24,176500.0,38800.0,5200.0,False
fisser_0389,sza_lt65,15,25,181200.0,39200.0,5100.0,False
fisser_0389,sza_lt65,20,25,182400.0,39400.0,5100.0,False
S2A_MSIL1C_20160918T141002_N0500_R053_T25WDR_20230922T140258_r9728_c9984,sza_65_70,5,51,106900.0,4800.0,1900.0,True
S2A_MSIL1C_20160918T141002_N0500_R053_T25WDR_20230922T140258_r9728_c9984,sza_65_70,10,69,170500.0,9700.0,2200.0,True
S2A_MSIL1C_20160918T141002_N0500_R053_T25WDR_20230922T140258_r9728_c9984,sza_65_70,15,85,252400.0,17100.0,2300.0,True
S2A_MSIL1C_20160918T141002_N0500_R053_T25WDR_20230922T140258_r9728_c9984,sza_65_70,20,105,334800.0,21300.0,2400.0,True
S2A_MSIL1C_20160918T141002_N0500_R053_T25WES_20230922T140258_r10496_c3072,sza_65_70,5,17,79900.0,13400.0,3400.0,True
S2A_MSIL1C_20160918T141002_N0500_R053_T25WES_20230922T140258_r10496_c3072,sza_65_70,10,24,134500.0,33400.0,3200.0,True
S2A_MSIL1C_20160918T141002_N0500_R053_T25WES_20230922T140258_r10496_c3072,sza_65_70,15,26,188100.0,34500.0,3650.0,True
S2A_MSIL1C_20160918T141002_N0500_R053_T25WES_20230922T140258_r10496_c3072,sza_65_70,20,27,213900.0,34700.0,3500.0,True
S2A_MSIL1C_20160924T142932_N0500_R139_T24WWT_20231005T183724_r0512_c4352,sza_65_70,5,4,8300.0,2400.0,2150.0,True
S2A_MSIL1C_20160924T142932_N0500_R139_T24WWT_20231005T183724_r0512_c4352,sza_65_70,10,4,8300.0,2400.0,2150.0,True
S2A_MSIL1C_20160924T142932_N0500_R139_T24WWT_20231005T183724_r0512_c4352,sza_65_70,15,4,8400.0,2400.0,2200.0,True
S2A_MSIL1C_20160924T142932_N0500_R139_T24WWT_20231005T183724_r0512_c4352,sza_65_70,20,4,9200.0,3000.0,2250.0,True
S2A_MSIL1C_20160924T142932_N0500_R139_T24WWT_20231005T183724_r2560_c3328,sza_65_70,5,1,58400.0,58400.0,58400.0,True
S2A_MSIL1C_20160924T142932_N0500_R139_T24WWT_20231005T183724_r2560_c3328,sza_65_70,10,3,80000.0,76000.0,2300.0,True
S2A_MSIL1C_20160924T142932_N0500_R139_T24WWT_20231005T183724_r2560_c3328,sza_65_70,15,4,94100.0,80500.0,5750.0,True
S2A_MSIL1C_20160924T142932_N0500_R139_T24WWT_20231005T183724_r2560_c3328,sza_65_70,20,4,97200.0,81900.0,6450.0,True
S2A_MSIL1C_20180918T141001_N0500_R053_T25WER_20230707T155818_r2816_c5376,sza_65_70,5,61,190900.0,14500.0,2300.0,True
S2A_MSIL1C_20180918T141001_N0500_R053_T25WER_20230707T155818_r2816_c5376,sza_65_70,10,86,436100.0,32000.0,2650.0,True
S2A_MSIL1C_20180918T141001_N0500_R053_T25WER_20230707T155818_r2816_c5376,sza_65_70,15,91,656600.0,123300.0,2600.0,True
S2A_MSIL1C_20180918T141001_N0500_R053_T25WER_20230707T155818_r2816_c5376,sza_65_70,20,87,889300.0,177600.0,2800.0,True
S2A_MSIL1C_20180918T141001_N0500_R053_T25WER_20230707T155818_r3584_c4352,sza_65_70,5,11,38200.0,8500.0,2800.0,True
S2A_MSIL1C_20180918T141001_N0500_R053_T25WER_20230707T155818_r3584_c4352,sza_65_70,10,14,56700.0,14000.0,2500.0,True
S2A_MSIL1C_20180918T141001_N0500_R053_T25WER_20230707T155818_r3584_c4352,sza_65_70,15,14,59600.0,16100.0,2500.0,True
S2A_MSIL1C_20180918T141001_N0500_R053_T25WER_20230707T155818_r3584_c4352,sza_65_70,20,14,63800.0,19600.0,2500.0,True
S2A_MSIL1C_20180918T141001_N0500_R053_T25WER_20230707T155818_r3840_c4864,sza_65_70,5,24,48300.0,3600.0,1700.0,True
S2A_MSIL1C_20180918T141001_N0500_R053_T25WER_20230707T155818_r3840_c4864,sza_65_70,10,28,58900.0,4100.0,1800.0,True
S2A_MSIL1C_20180918T141001_N0500_R053_T25WER_20230707T155818_r3840_c4864,sza_65_70,15,29,64200.0,8200.0,1800.0,True
S2A_MSIL1C_20180918T141001_N0500_R053_T25WER_20230707T155818_r3840_c4864,sza_65_70,20,30,68700.0,8700.0,1800.0,True
S2A_MSIL1C_20180918T141001_N0500_R053_T25WER_20230707T155818_r4096_c4608,sza_65_70,5,13,25600.0,2800.0,1900.0,True
S2A_MSIL1C_20180918T141001_N0500_R053_T25WER_20230707T155818_r4096_c4608,sza_65_70,10,13,26700.0,2900.0,1900.0,True
S2A_MSIL1C_20180918T141001_N0500_R053_T25WER_20230707T155818_r4096_c4608,sza_65_70,15,14,28700.0,3000.0,1850.0,True
S2A_MSIL1C_20180918T141001_N0500_R053_T25WER_20230707T155818_r4096_c4608,sza_65_70,20,14,28700.0,3000.0,1850.0,True
S2A_MSIL1C_20180918T141001_N0500_R053_T25WER_20230707T155818_r4096_c4864,sza_65_70,5,42,87400.0,7100.0,1800.0,True
S2A_MSIL1C_20180918T141001_N0500_R053_T25WER_20230707T155818_r4096_c4864,sza_65_70,10,47,109900.0,9600.0,2000.0,True
S2A_MSIL1C_20180918T141001_N0500_R053_T25WER_20230707T155818_r4096_c4864,sza_65_70,15,48,116700.0,9800.0,2100.0,True
S2A_MSIL1C_20180918T141001_N0500_R053_T25WER_20230707T155818_r4096_c4864,sza_65_70,20,52,127600.0,9900.0,2000.0,True
S2A_MSIL1C_20180918T141001_N0500_R053_T25WER_20230707T155818_r4608_c7168,sza_65_70,5,8,31800.0,8100.0,2900.0,True
S2A_MSIL1C_20180918T141001_N0500_R053_T25WER_20230707T155818_r4608_c7168,sza_65_70,10,11,80100.0,34800.0,3100.0,True
S2A_MSIL1C_20180918T141001_N0500_R053_T25WER_20230707T155818_r4608_c7168,sza_65_70,15,10,120000.0,39000.0,5450.0,True
S2A_MSIL1C_20180918T141001_N0500_R053_T25WER_20230707T155818_r4608_c7168,sza_65_70,20,9,153800.0,51400.0,6600.0,True
S2A_MSIL1C_20180918T141001_N0500_R053_T25WER_20230707T155818_r4864_c4608,sza_65_70,5,56,401400.0,38400.0,3800.0,True
S2A_MSIL1C_20180918T141001_N0500_R053_T25WER_20230707T155818_r4864_c4608,sza_65_70,10,40,676600.0,259900.0,3550.0,True
S2A_MSIL1C_20180918T141001_N0500_R053_T25WER_20230707T155818_r4864_c4608,sza_65_70,15,39,746500.0,280000.0,3600.0,True
S2A_MSIL1C_20180918T141001_N0500_R053_T25WER_20230707T155818_r4864_c4608,sza_65_70,20,40,770500.0,289400.0,3650.0,True
S2A_MSIL1C_20180918T141001_N0500_R053_T25WER_20230707T155818_r5376_c4864,sza_65_70,5,0,0.0,0.0,0.0,True
S2A_MSIL1C_20180918T141001_N0500_R053_T25WER_20230707T155818_r5376_c4864,sza_65_70,10,0,0.0,0.0,0.0,True
S2A_MSIL1C_20180918T141001_N0500_R053_T25WER_20230707T155818_r5376_c4864,sza_65_70,15,0,0.0,0.0,0.0,True
S2A_MSIL1C_20180918T141001_N0500_R053_T25WER_20230707T155818_r5376_c4864,sza_65_70,20,0,0.0,0.0,0.0,True
S2A_MSIL1C_20180918T141001_N0500_R053_T25WER_20230707T155818_r5632_c4352,sza_65_70,5,4,43300.0,37200.0,2150.0,True
S2A_MSIL1C_20180918T141001_N0500_R053_T25WER_20230707T155818_r5632_c4352,sza_65_70,10,3,59300.0,48300.0,8200.0,True
S2A_MSIL1C_20180918T141001_N0500_R053_T25WER_20230707T155818_r5632_c4352,sza_65_70,15,3,63700.0,51100.0,9800.0,True
S2A_MSIL1C_20180918T141001_N0500_R053_T25WER_20230707T155818_r5632_c4352,sza_65_70,20,3,65400.0,51600.0,11000.0,True
S2A_MSIL1C_20180918T141001_N0500_R053_T25WER_20230707T155818_r7168_c3072,sza_65_70,5,40,454200.0,190400.0,3750.0,True
S2A_MSIL1C_20180918T141001_N0500_R053_T25WER_20230707T155818_r7168_c3072,sza_65_70,10,29,852500.0,578300.0,5700.0,True
S2A_MSIL1C_20180918T141001_N0500_R053_T25WER_20230707T155818_r7168_c3072,sza_65_70,15,21,1114400.0,995500.0,3500.0,True
S2A_MSIL1C_20180918T141001_N0500_R053_T25WER_20230707T155818_r7168_c3072,sza_65_70,20,21,1227000.0,1080500.0,3300.0,True
S2A_MSIL1C_20180918T141001_N0500_R053_T25WER_20230707T155818_r7424_c2048,sza_65_70,5,6,49200.0,14100.0,8150.0,True
S2A_MSIL1C_20180918T141001_N0500_R053_T25WER_20230707T155818_r7424_c2048,sza_65_70,10,5,63300.0,31000.0,6700.0,True
S2A_MSIL1C_20180918T141001_N0500_R053_T25WER_20230707T155818_r7424_c2048,sza_65_70,15,5,64500.0,31600.0,6700.0,True
S2A_MSIL1C_20180918T141001_N0500_R053_T25WER_20230707T155818_r7424_c2048,sza_65_70,20,6,66800.0,32000.0,5850.0,True
S2A_MSIL1C_20180918T141001_N0500_R053_T25WER_20230707T155818_r7680_c1280,sza_65_70,5,100,1419800.0,371000.0,3500.0,True
S2A_MSIL1C_20180918T141001_N0500_R053_T25WER_20230707T155818_r7680_c1280,sza_65_70,10,62,2331900.0,1629200.0,2700.0,True
S2A_MSIL1C_20180918T141001_N0500_R053_T25WER_20230707T155818_r7680_c1280,sza_65_70,15,60,3047700.0,2735000.0,3050.0,True
S2A_MSIL1C_20180918T141001_N0500_R053_T25WER_20230707T155818_r7680_c1280,sza_65_70,20,45,3609500.0,3420400.0,2900.0,True
S2A_MSIL1C_20180918T141001_N0500_R053_T25WER_20230707T155818_r7680_c3328,sza_65_70,5,1,3600.0,3600.0,3600.0,True
S2A_MSIL1C_20180918T141001_N0500_R053_T25WER_20230707T155818_r7680_c3328,sza_65_70,10,1,3600.0,3600.0,3600.0,True
S2A_MSIL1C_20180918T141001_N0500_R053_T25WER_20230707T155818_r7680_c3328,sza_65_70,15,1,3600.0,3600.0,3600.0,True
S2A_MSIL1C_20180918T141001_N0500_R053_T25WER_20230707T155818_r7680_c3328,sza_65_70,20,1,3600.0,3600.0,3600.0,True
S2A_MSIL1C_20180918T141001_N0500_R053_T25WER_20230707T155818_r8192_c1536,sza_65_70,5,7,76500.0,30700.0,4200.0,True
S2A_MSIL1C_20180918T141001_N0500_R053_T25WER_20230707T155818_r8192_c1536,sza_65_70,10,8,113500.0,40300.0,5700.0,True
S2A_MSIL1C_20180918T141001_N0500_R053_T25WER_20230707T155818_r8192_c1536,sza_65_70,15,8,118400.0,42000.0,5800.0,True
S2A_MSIL1C_20180918T141001_N0500_R053_T25WER_20230707T155818_r8192_c1536,sza_65_70,20,9,121000.0,42200.0,5300.0,True
S2A_MSIL1C_20180918T141001_N0500_R053_T25WER_20230707T155818_r8448_c1536,sza_65_70,5,7,69700.0,24500.0,7300.0,True
S2A_MSIL1C_20180918T141001_N0500_R053_T25WER_20230707T155818_r8448_c1536,sza_65_70,10,4,115600.0,66900.0,23050.0,True
S2A_MSIL1C_20180918T141001_N0500_R053_T25WER_20230707T155818_r8448_c1536,sza_65_70,15,4,120500.0,70900.0,23450.0,True
S2A_MSIL1C_20180918T141001_N0500_R053_T25WER_20230707T155818_r8448_c1536,sza_65_70,20,4,121400.0,71200.0,23700.0,True
S2A_MSIL1C_20180918T141001_N0500_R053_T25WER_20230707T155818_r8448_c4352,sza_65_70,5,6,73200.0,50600.0,2300.0,True
S2A_MSIL1C_20180918T141001_N0500_R053_T25WER_20230707T155818_r8448_c4352,sza_65_70,10,7,89500.0,56800.0,3000.0,True
S2A_MSIL1C_20180918T141001_N0500_R053_T25WER_20230707T155818_r8448_c4352,sza_65_70,15,7,94800.0,61000.0,3200.0,True
S2A_MSIL1C_20180918T141001_N0500_R053_T25WER_20230707T155818_r8448_c4352,sza_65_70,20,7,96100.0,61800.0,3300.0,True
S2A_MSIL1C_20180918T141001_N0500_R053_T25WER_20230707T155818_r9728_c0512,sza_65_70,5,17,285900.0,103500.0,8500.0,True
S2A_MSIL1C_20180918T141001_N0500_R053_T25WER_20230707T155818_r9728_c0512,sza_65_70,10,13,378900.0,194600.0,8700.0,True
S2A_MSIL1C_20180918T141001_N0500_R053_T25WER_20230707T155818_r9728_c0512,sza_65_70,15,13,437800.0,246700.0,8800.0,True
S2A_MSIL1C_20180918T141001_N0500_R053_T25WER_20230707T155818_r9728_c0512,sza_65_70,20,12,455700.0,265600.0,10950.0,True
S2A_MSIL1C_20181001T142141_N0500_R096_T24WVT_20230619T094106_r7424_c10240,sza_65_70,5,1,53200.0,53200.0,53200.0,True
S2A_MSIL1C_20181001T142141_N0500_R096_T24WVT_20230619T094106_r7424_c10240,sza_65_70,10,1,66000.0,66000.0,66000.0,True
S2A_MSIL1C_20181001T142141_N0500_R096_T24WVT_20230619T094106_r7424_c10240,sza_65_70,15,1,69100.0,69100.0,69100.0,True
S2A_MSIL1C_20181001T142141_N0500_R096_T24WVT_20230619T094106_r7424_c10240,sza_65_70,20,1,69700.0,69700.0,69700.0,True
S2A_MSIL1C_20181001T142141_N0500_R096_T24WWT_20230619T094106_r10496_c7936,sza_65_70,5,0,0.0,0.0,0.0,True
S2A_MSIL1C_20181001T142141_N0500_R096_T24WWT_20230619T094106_r10496_c7936,sza_65_70,10,0,0.0,0.0,0.0,True
S2A_MSIL1C_20181001T142141_N0500_R096_T24WWT_20230619T094106_r10496_c7936,sza_65_70,15,0,0.0,0.0,0.0,True
S2A_MSIL1C_20181001T142141_N0500_R096_T24WWT_20230619T094106_r10496_c7936,sza_65_70,20,0,0.0,0.0,0.0,True
S2A_MSIL1C_20181001T142141_N0500_R096_T24WWT_20230619T094106_r2048_c4608,sza_65_70,5,4,118900.0,107900.0,4650.0,True
S2A_MSIL1C_20181001T142141_N0500_R096_T24WWT_20230619T094106_r2048_c4608,sza_65_70,10,3,150100.0,140500.0,5200.0,True
S2A_MSIL1C_20181001T142141_N0500_R096_T24WWT_20230619T094106_r2048_c4608,sza_65_70,15,3,158000.0,148200.0,5300.0,True
S2A_MSIL1C_20181001T142141_N0500_R096_T24WWT_20230619T094106_r2048_c4608,sza_65_70,20,3,162400.0,152600.0,5300.0,True
S2A_MSIL1C_20181001T142141_N0500_R096_T24WWT_20230619T094106_r2304_c2048,sza_65_70,5,33,639800.0,325900.0,4200.0,True
S2A_MSIL1C_20181001T142141_N0500_R096_T24WWT_20230619T094106_r2304_c2048,sza_65_70,10,27,901400.0,547400.0,3100.0,True
S2A_MSIL1C_20181001T142141_N0500_R096_T24WWT_20230619T094106_r2304_c2048,sza_65_70,15,23,971100.0,746300.0,2800.0,True
S2A_MSIL1C_20181001T142141_N0500_R096_T24WWT_20230619T094106_r2304_c2048,sza_65_70,20,23,993900.0,764100.0,2700.0,True
S2A_MSIL1C_20181001T142141_N0500_R096_T24WWT_20230619T094106_r3328_c1536,sza_65_70,5,0,0.0,0.0,0.0,True
S2A_MSIL1C_20181001T142141_N0500_R096_T24WWT_20230619T094106_r3328_c1536,sza_65_70,10,0,0.0,0.0,0.0,True
S2A_MSIL1C_20181001T142141_N0500_R096_T24WWT_20230619T094106_r3328_c1536,sza_65_70,15,0,0.0,0.0,0.0,True
S2A_MSIL1C_20181001T142141_N0500_R096_T24WWT_20230619T094106_r3328_c1536,sza_65_70,20,0,0.0,0.0,0.0,True
S2A_MSIL1C_20181001T142141_N0500_R096_T24WWT_20230619T094106_r3584_c0000,sza_65_70,5,4,12700.0,3800.0,3400.0,True
S2A_MSIL1C_20181001T142141_N0500_R096_T24WWT_20230619T094106_r3584_c0000,sza_65_70,10,4,15000.0,5500.0,3700.0,True
S2A_MSIL1C_20181001T142141_N0500_R096_T24WWT_20230619T094106_r3584_c0000,sza_65_70,15,4,15000.0,5500.0,3700.0,True
S2A_MSIL1C_20181001T142141_N0500_R096_T24WWT_20230619T094106_r3584_c0000,sza_65_70,20,4,15000.0,5500.0,3700.0,True
S2A_MSIL1C_20181001T142141_N0500_R096_T24WWT_20230619T094106_r4096_c0512,sza_65_70,5,1,6500.0,6500.0,6500.0,True
S2A_MSIL1C_20181001T142141_N0500_R096_T24WWT_20230619T094106_r4096_c0512,sza_65_70,10,1,6700.0,6700.0,6700.0,True
S2A_MSIL1C_20181001T142141_N0500_R096_T24WWT_20230619T094106_r4096_c0512,sza_65_70,15,1,6900.0,6900.0,6900.0,True
S2A_MSIL1C_20181001T142141_N0500_R096_T24WWT_20230619T094106_r4096_c0512,sza_65_70,20,1,6900.0,6900.0,6900.0,True
S2A_MSIL1C_20181001T142141_N0500_R096_T24WWT_20230619T094106_r4864_c3584,sza_65_70,5,2,7300.0,4000.0,3650.0,True
S2A_MSIL1C_20181001T142141_N0500_R096_T24WWT_20230619T094106_r4864_c3584,sza_65_70,10,2,8900.0,5600.0,4450.0,True
S2A_MSIL1C_20181001T142141_N0500_R096_T24WWT_20230619T094106_r4864_c3584,sza_65_70,15,2,9200.0,5900.0,4600.0,True
S2A_MSIL1C_20181001T142141_N0500_R096_T24WWT_20230619T094106_r4864_c3584,sza_65_70,20,2,9200.0,5900.0,4600.0,True
S2A_MSIL1C_20181001T142141_N0500_R096_T24WWT_20230619T094106_r5376_c1280,sza_65_70,5,1,1600.0,1600.0,1600.0,True
S2A_MSIL1C_20181001T142141_N0500_R096_T24WWT_20230619T094106_r5376_c1280,sza_65_70,10,1,1600.0,1600.0,1600.0,True
S2A_MSIL1C_20181001T142141_N0500_R096_T24WWT_20230619T094106_r5376_c1280,sza_65_70,15,1,1700.0,1700.0,1700.0,True
S2A_MSIL1C_20181001T142141_N0500_R096_T24WWT_20230619T094106_r5376_c1280,sza_65_70,20,1,1700.0,1700.0,1700.0,True
S2A_MSIL1C_20181001T142141_N0500_R096_T24WWT_20230619T094106_r6400_c7424,sza_65_70,5,0,0.0,0.0,0.0,True
S2A_MSIL1C_20181001T142141_N0500_R096_T24WWT_20230619T094106_r6400_c7424,sza_65_70,10,0,0.0,0.0,0.0,True
S2A_MSIL1C_20181001T142141_N0500_R096_T24WWT_20230619T094106_r6400_c7424,sza_65_70,15,0,0.0,0.0,0.0,True
S2A_MSIL1C_20181001T142141_N0500_R096_T24WWT_20230619T094106_r6400_c7424,sza_65_70,20,0,0.0,0.0,0.0,True
S2A_MSIL1C_20181001T142141_N0500_R096_T24WWT_20230619T094106_r7424_c0512,sza_65_70,5,0,0.0,0.0,0.0,True
S2A_MSIL1C_20181001T142141_N0500_R096_T24WWT_20230619T094106_r7424_c0512,sza_65_70,10,0,0.0,0.0,0.0,True
S2A_MSIL1C_20181001T142141_N0500_R096_T24WWT_20230619T094106_r7424_c0512,sza_65_70,15,0,0.0,0.0,0.0,True
S2A_MSIL1C_20181001T142141_N0500_R096_T24WWT_20230619T094106_r7424_c0512,sza_65_70,20,0,0.0,0.0,0.0,True
S2A_MSIL1C_20181001T142141_N0500_R096_T24WWT_20230619T094106_r7424_c10496,sza_65_70,5,1,4200.0,4200.0,4200.0,True
S2A_MSIL1C_20181001T142141_N0500_R096_T24WWT_20230619T094106_r7424_c10496,sza_65_70,10,2,14200.0,12400.0,7100.0,True
S2A_MSIL1C_20181001T142141_N0500_R096_T24WWT_20230619T094106_r7424_c10496,sza_65_70,15,4,33300.0,15400.0,6750.0,True
S2A_MSIL1C_20181001T142141_N0500_R096_T24WWT_20230619T094106_r7424_c10496,sza_65_70,20,6,43200.0,19500.0,5850.0,True
S2A_MSIL1C_20181001T142141_N0500_R096_T24WWT_20230619T094106_r7680_c1280,sza_65_70,5,0,0.0,0.0,0.0,True
S2A_MSIL1C_20181001T142141_N0500_R096_T24WWT_20230619T094106_r7680_c1280,sza_65_70,10,0,0.0,0.0,0.0,True
S2A_MSIL1C_20181001T142141_N0500_R096_T24WWT_20230619T094106_r7680_c1280,sza_65_70,15,0,0.0,0.0,0.0,True
S2A_MSIL1C_20181001T142141_N0500_R096_T24WWT_20230619T094106_r7680_c1280,sza_65_70,20,0,0.0,0.0,0.0,True
S2A_MSIL1C_20181001T142141_N0500_R096_T24WWT_20230619T094106_r8448_c7168,sza_65_70,5,0,0.0,0.0,0.0,True
S2A_MSIL1C_20181001T142141_N0500_R096_T24WWT_20230619T094106_r8448_c7168,sza_65_70,10,0,0.0,0.0,0.0,True
S2A_MSIL1C_20181001T142141_N0500_R096_T24WWT_20230619T094106_r8448_c7168,sza_65_70,15,0,0.0,0.0,0.0,True
S2A_MSIL1C_20181001T142141_N0500_R096_T24WWT_20230619T094106_r8448_c7168,sza_65_70,20,0,0.0,0.0,0.0,True
S2A_MSIL1C_20181001T142141_N0500_R096_T24WWT_20230619T094106_r9728_c7936,sza_65_70,5,0,0.0,0.0,0.0,True
S2A_MSIL1C_20181001T142141_N0500_R096_T24WWT_20230619T094106_r9728_c7936,sza_65_70,10,0,0.0,0.0,0.0,True
S2A_MSIL1C_20181001T142141_N0500_R096_T24WWT_20230619T094106_r9728_c7936,sza_65_70,15,0,0.0,0.0,0.0,True
S2A_MSIL1C_20181001T142141_N0500_R096_T24WWT_20230619T094106_r9728_c7936,sza_65_70,20,0,0.0,0.0,0.0,True
S2A_MSIL1C_20181001T142141_N0500_R096_T24WWT_20230808T044242_r0000_c4864,sza_65_70,5,12,33900.0,4900.0,2600.0,True
S2A_MSIL1C_20181001T142141_N0500_R096_T24WWT_20230808T044242_r0000_c4864,sza_65_70,10,12,35600.0,6400.0,2650.0,True
S2A_MSIL1C_20181001T142141_N0500_R096_T24WWT_20230808T044242_r0000_c4864,sza_65_70,15,12,36200.0,6500.0,2700.0,True
S2A_MSIL1C_20181001T142141_N0500_R096_T24WWT_20230808T044242_r0000_c4864,sza_65_70,20,13,37900.0,6500.0,2700.0,True
S2A_MSIL1C_20181001T142141_N0500_R096_T24WWT_20230808T044242_r2048_c3840,sza_65_70,5,0,0.0,0.0,0.0,True
S2A_MSIL1C_20181001T142141_N0500_R096_T24WWT_20230808T044242_r2048_c3840,sza_65_70,10,0,0.0,0.0,0.0,True
S2A_MSIL1C_20181001T142141_N0500_R096_T24WWT_20230808T044242_r2048_c3840,sza_65_70,15,0,0.0,0.0,0.0,True
S2A_MSIL1C_20181001T142141_N0500_R096_T24WWT_20230808T044242_r2048_c3840,sza_65_70,20,0,0.0,0.0,0.0,True
S2A_MSIL1C_20181001T142141_N0500_R096_T24WWT_20230808T044242_r2304_c2304,sza_65_70,5,9,71400.0,21000.0,6800.0,True
S2A_MSIL1C_20181001T142141_N0500_R096_T24WWT_20230808T044242_r2304_c2304,sza_65_70,10,5,108200.0,76100.0,10800.0,True
S2A_MSIL1C_20181001T142141_N0500_R096_T24WWT_20230808T044242_r2304_c2304,sza_65_70,15,5,111600.0,79400.0,10800.0,True
S2A_MSIL1C_20181001T142141_N0500_R096_T24WWT_20230808T044242_r2304_c2304,sza_65_70,20,5,119400.0,87000.0,10900.0,True
S2A_MSIL1C_20181001T142141_N0500_R096_T24WWT_20230808T044242_r4096_c5120,sza_65_70,5,2,18300.0,12700.0,9150.0,True
S2A_MSIL1C_20181001T142141_N0500_R096_T24WWT_20230808T044242_r4096_c5120,sza_65_70,10,1,23500.0,23500.0,23500.0,True
S2A_MSIL1C_20181001T142141_N0500_R096_T24WWT_20230808T044242_r4096_c5120,sza_65_70,15,1,24100.0,24100.0,24100.0,True
S2A_MSIL1C_20181001T142141_N0500_R096_T24WWT_20230808T044242_r4096_c5120,sza_65_70,20,1,24200.0,24200.0,24200.0,True
S2A_MSIL1C_20181001T142141_N0500_R096_T24WWT_20230808T044242_r4608_c9216,sza_65_70,5,0,0.0,0.0,0.0,True
S2A_MSIL1C_20181001T142141_N0500_R096_T24WWT_20230808T044242_r4608_c9216,sza_65_70,10,1,1600.0,1600.0,1600.0,True
S2A_MSIL1C_20181001T142141_N0500_R096_T24WWT_20230808T044242_r4608_c9216,sza_65_70,15,1,1600.0,1600.0,1600.0,True
S2A_MSIL1C_20181001T142141_N0500_R096_T24WWT_20230808T044242_r4608_c9216,sza_65_70,20,1,1600.0,1600.0,1600.0,True
S2A_MSIL1C_20181001T142141_N0500_R096_T24WWT_20230808T044242_r5632_c10496,sza_65_70,5,1,1800.0,1800.0,1800.0,True
S2A_MSIL1C_20181001T142141_N0500_R096_T24WWT_20230808T044242_r5632_c10496,sza_65_70,10,1,25700.0,25700.0,25700.0,True
S2A_MSIL1C_20181001T142141_N0500_R096_T24WWT_20230808T044242_r5632_c10496,sza_65_70,15,1,45900.0,45900.0,45900.0,True
S2A_MSIL1C_20181001T142141_N0500_R096_T24WWT_20230808T044242_r5632_c10496,sza_65_70,20,2,55300.0,53600.0,27650.0,True
S2A_MSIL1C_20211002T141021_N0500_R053_T24WXT_20230113T003232_r3584_c0512,sza_65_70,5,0,0.0,0.0,0.0,True
S2A_MSIL1C_20211002T141021_N0500_R053_T24WXT_20230113T003232_r3584_c0512,sza_65_70,10,0,0.0,0.0,0.0,True
S2A_MSIL1C_20211002T141021_N0500_R053_T24WXT_20230113T003232_r3584_c0512,sza_65_70,15,0,0.0,0.0,0.0,True
S2A_MSIL1C_20211002T141021_N0500_R053_T24WXT_20230113T003232_r3584_c0512,sza_65_70,20,0,0.0,0.0,0.0,True
S2A_MSIL1C_20211002T141021_N0500_R053_T24WXT_20230113T003232_r6144_c0512,sza_65_70,5,1,13000.0,13000.0,13000.0,True
S2A_MSIL1C_20211002T141021_N0500_R053_T24WXT_20230113T003232_r6144_c0512,sza_65_70,10,1,14200.0,14200.0,14200.0,True
S2A_MSIL1C_20211002T141021_N0500_R053_T24WXT_20230113T003232_r6144_c0512,sza_65_70,15,1,14200.0,14200.0,14200.0,True
S2A_MSIL1C_20211002T141021_N0500_R053_T24WXT_20230113T003232_r6144_c0512,sza_65_70,20,1,14200.0,14200.0,14200.0,True
S2B_MSIL1C_20170918T140959_N0500_R053_T25WER_20230825T143125_r3584_c3584,sza_65_70,5,6,222500.0,192300.0,7600.0,True
S2B_MSIL1C_20170918T140959_N0500_R053_T25WER_20230825T143125_r3584_c3584,sza_65_70,10,5,288400.0,258100.0,9600.0,True
S2B_MSIL1C_20170918T140959_N0500_R053_T25WER_20230825T143125_r3584_c3584,sza_65_70,15,6,325800.0,288500.0,8050.0,True
S2B_MSIL1C_20170918T140959_N0500_R053_T25WER_20230825T143125_r3584_c3584,sza_65_70,20,6,333000.0,294000.0,8100.0,True
S2B_MSIL1C_20170918T140959_N0500_R053_T25WER_20230825T143125_r3840_c3840,sza_65_70,5,21,141500.0,28300.0,3600.0,True
S2B_MSIL1C_20170918T140959_N0500_R053_T25WER_20230825T143125_r3840_c3840,sza_65_70,10,17,193400.0,59100.0,2600.0,True
S2B_MSIL1C_20170918T140959_N0500_R053_T25WER_20230825T143125_r3840_c3840,sza_65_70,15,18,210400.0,67200.0,2600.0,True
S2B_MSIL1C_20170918T140959_N0500_R053_T25WER_20230825T143125_r3840_c3840,sza_65_70,20,15,246000.0,166800.0,2600.0,True
S2B_MSIL1C_20170918T140959_N0500_R053_T25WER_20230825T143125_r4096_c5376,sza_65_70,5,74,952600.0,236000.0,3900.0,True
S2B_MSIL1C_20170918T140959_N0500_R053_T25WER_20230825T143125_r4096_c5376,sza_65_70,10,40,1755200.0,539100.0,6400.0,True
S2B_MSIL1C_20170918T140959_N0500_R053_T25WER_20230825T143125_r4096_c5376,sza_65_70,15,24,2240100.0,1473900.0,6100.0,True
S2B_MSIL1C_20170918T140959_N0500_R053_T25WER_20230825T143125_r4096_c5376,sza_65_70,20,14,2588200.0,1605900.0,10800.0,True
S2B_MSIL1C_20170918T140959_N0500_R053_T25WER_20230825T143125_r4608_c6656,sza_65_70,5,2,24600.0,13000.0,12300.0,True
S2B_MSIL1C_20170918T140959_N0500_R053_T25WER_20230825T143125_r4608_c6656,sza_65_70,10,2,27700.0,13900.0,13850.0,True
S2B_MSIL1C_20170918T140959_N0500_R053_T25WER_20230825T143125_r4608_c6656,sza_65_70,15,2,27900.0,14000.0,13950.0,True
S2B_MSIL1C_20170918T140959_N0500_R053_T25WER_20230825T143125_r4608_c6656,sza_65_70,20,2,28500.0,14500.0,14250.0,True
S2B_MSIL1C_20170918T140959_N0500_R053_T25WER_20230825T143125_r4864_c5632,sza_65_70,5,3,28100.0,12700.0,8800.0,True
S2B_MSIL1C_20170918T140959_N0500_R053_T25WER_20230825T143125_r4864_c5632,sza_65_70,10,3,36100.0,17500.0,10500.0,True
S2B_MSIL1C_20170918T140959_N0500_R053_T25WER_20230825T143125_r4864_c5632,sza_65_70,15,3,36600.0,17900.0,10600.0,True
S2B_MSIL1C_20170918T140959_N0500_R053_T25WER_20230825T143125_r4864_c5632,sza_65_70,20,3,36800.0,17900.0,10700.0,True
S2B_MSIL1C_20170918T140959_N0500_R053_T25WER_20230825T143125_r4864_c8192,sza_65_70,5,1,14400.0,14400.0,14400.0,True
S2B_MSIL1C_20170918T140959_N0500_R053_T25WER_20230825T143125_r4864_c8192,sza_65_70,10,1,15800.0,15800.0,15800.0,True
S2B_MSIL1C_20170918T140959_N0500_R053_T25WER_20230825T143125_r4864_c8192,sza_65_70,15,1,16300.0,16300.0,16300.0,True
S2B_MSIL1C_20170918T140959_N0500_R053_T25WER_20230825T143125_r4864_c8192,sza_65_70,20,1,16300.0,16300.0,16300.0,True
S2B_MSIL1C_20170918T140959_N0500_R053_T25WER_20230825T143125_r5376_c4864,sza_65_70,5,0,0.0,0.0,0.0,True
S2B_MSIL1C_20170918T140959_N0500_R053_T25WER_20230825T143125_r5376_c4864,sza_65_70,10,0,0.0,0.0,0.0,True
S2B_MSIL1C_20170918T140959_N0500_R053_T25WER_20230825T143125_r5376_c4864,sza_65_70,15,0,0.0,0.0,0.0,True
S2B_MSIL1C_20170918T140959_N0500_R053_T25WER_20230825T143125_r5376_c4864,sza_65_70,20,0,0.0,0.0,0.0,True
S2B_MSIL1C_20170918T140959_N0500_R053_T25WER_20230825T143125_r5376_c5120,sza_65_70,5,2,115200.0,113200.0,57600.0,True
S2B_MSIL1C_20170918T140959_N0500_R053_T25WER_20230825T143125_r5376_c5120,sza_65_70,10,2,128700.0,126600.0,64350.0,True
S2B_MSIL1C_20170918T140959_N0500_R053_T25WER_20230825T143125_r5376_c5120,sza_65_70,15,2,133700.0,131600.0,66850.0,True
S2B_MSIL1C_20170918T140959_N0500_R053_T25WER_20230825T143125_r5376_c5120,sza_65_70,20,2,142500.0,140400.0,71250.0,True
S2B_MSIL1C_20170918T140959_N0500_R053_T25WER_20230825T143125_r5376_c6400,sza_65_70,5,1,30900.0,30900.0,30900.0,True
S2B_MSIL1C_20170918T140959_N0500_R053_T25WER_20230825T143125_r5376_c6400,sza_65_70,10,1,43700.0,43700.0,43700.0,True
S2B_MSIL1C_20170918T140959_N0500_R053_T25WER_20230825T143125_r5376_c6400,sza_65_70,15,1,45800.0,45800.0,45800.0,True
S2B_MSIL1C_20170918T140959_N0500_R053_T25WER_20230825T143125_r5376_c6400,sza_65_70,20,1,47600.0,47600.0,47600.0,True
S2B_MSIL1C_20170918T140959_N0500_R053_T25WER_20230825T143125_r5632_c4608,sza_65_70,5,9,59300.0,20100.0,4200.0,True
S2B_MSIL1C_20170918T140959_N0500_R053_T25WER_20230825T143125_r5632_c4608,sza_65_70,10,6,105100.0,73000.0,7900.0,True
S2B_MSIL1C_20170918T140959_N0500_R053_T25WER_20230825T143125_r5632_c4608,sza_65_70,15,6,116100.0,78700.0,9700.0,True
S2B_MSIL1C_20170918T140959_N0500_R053_T25WER_20230825T143125_r5632_c4608,sza_65_70,20,5,118700.0,79100.0,11400.0,True
S2B_MSIL1C_20170918T140959_N0500_R053_T25WER_20230825T143125_r8704_c6656,sza_65_70,5,0,0.0,0.0,0.0,True
S2B_MSIL1C_20170918T140959_N0500_R053_T25WER_20230825T143125_r8704_c6656,sza_65_70,10,0,0.0,0.0,0.0,True
S2B_MSIL1C_20170918T140959_N0500_R053_T25WER_20230825T143125_r8704_c6656,sza_65_70,15,0,0.0,0.0,0.0,True
S2B_MSIL1C_20170918T140959_N0500_R053_T25WER_20230825T143125_r8704_c6656,sza_65_70,20,0,0.0,0.0,0.0,True
S2B_MSIL1C_20170918T140959_N0500_R053_T25WER_20230825T143125_r8704_c7424,sza_65_70,5,0,0.0,0.0,0.0,True
S2B_MSIL1C_20170918T140959_N0500_R053_T25WER_20230825T143125_r8704_c7424,sza_65_70,10,0,0.0,0.0,0.0,True
S2B_MSIL1C_20170918T140959_N0500_R053_T25WER_20230825T143125_r8704_c7424,sza_65_70,15,0,0.0,0.0,0.0,True
S2B_MSIL1C_20170918T140959_N0500_R053_T25WER_20230825T143125_r8704_c7424,sza_65_70,20,0,0.0,0.0,0.0,True
S2B_MSIL1C_20171001T141959_N0500_R096_T24WVT_20230815T172207_r7936_c10240,sza_65_70,5,0,0.0,0.0,0.0,True
S2B_MSIL1C_20171001T141959_N0500_R096_T24WVT_20230815T172207_r7936_c10240,sza_65_70,10,0,0.0,0.0,0.0,True
S2B_MSIL1C_20171001T141959_N0500_R096_T24WVT_20230815T172207_r7936_c10240,sza_65_70,15,0,0.0,0.0,0.0,True
S2B_MSIL1C_20171001T141959_N0500_R096_T24WVT_20230815T172207_r7936_c10240,sza_65_70,20,0,0.0,0.0,0.0,True
S2A_MSIL1C_20181001T142141_N0500_R096_T25WES_20230808T044242_r9472_c2048,sza_70_75,5,53,312700.0,43400.0,2600.0,True
S2A_MSIL1C_20181001T142141_N0500_R096_T25WES_20230808T044242_r9472_c2048,sza_70_75,10,45,724200.0,368900.0,3100.0,True
S2A_MSIL1C_20181001T142141_N0500_R096_T25WES_20230808T044242_r9472_c2048,sza_70_75,15,34,947100.0,783100.0,3150.0,True
S2A_MSIL1C_20181001T142141_N0500_R096_T25WES_20230808T044242_r9472_c2048,sza_70_75,20,36,1062100.0,884900.0,3450.0,True
S2A_MSIL1C_20181001T142141_N0500_R096_T25WES_20230808T044242_r9728_c2048,sza_70_75,5,17,223200.0,85000.0,2600.0,True
S2A_MSIL1C_20181001T142141_N0500_R096_T25WES_20230808T044242_r9728_c2048,sza_70_75,10,17,275500.0,114300.0,2900.0,True
S2A_MSIL1C_20181001T142141_N0500_R096_T25WES_20230808T044242_r9728_c2048,sza_70_75,15,17,296200.0,119400.0,3100.0,True
S2A_MSIL1C_20181001T142141_N0500_R096_T25WES_20230808T044242_r9728_c2048,sza_70_75,20,19,310500.0,125100.0,2900.0,True
S2A_MSIL1C_20201003T143041_N0500_R139_T24WVT_20230306T133643_r6400_c10496,sza_70_75,5,2,40800.0,37500.0,20400.0,True
S2A_MSIL1C_20201003T143041_N0500_R139_T24WVT_20230306T133643_r6400_c10496,sza_70_75,10,2,49800.0,46300.0,24900.0,True
S2A_MSIL1C_20201003T143041_N0500_R139_T24WVT_20230306T133643_r6400_c10496,sza_70_75,15,2,51300.0,47700.0,25650.0,True
S2A_MSIL1C_20201003T143041_N0500_R139_T24WVT_20230306T133643_r6400_c10496,sza_70_75,20,2,52200.0,48600.0,26100.0,True
S2A_MSIL1C_20201003T143041_N0500_R139_T24WWU_20230306T133643_r6656_c5632,sza_70_75,5,122,1952800.0,258100.0,4000.0,True
S2A_MSIL1C_20201003T143041_N0500_R139_T24WWU_20230306T133643_r6656_c5632,sza_70_75,10,32,2960000.0,2771200.0,3000.0,True
S2A_MSIL1C_20201003T143041_N0500_R139_T24WWU_20230306T133643_r6656_c5632,sza_70_75,15,19,3338900.0,3264000.0,2400.0,True
S2A_MSIL1C_20201003T143041_N0500_R139_T24WWU_20230306T133643_r6656_c5632,sza_70_75,20,17,3518800.0,3448300.0,3000.0,True
S2A_MSIL1C_20201003T143041_N0500_R139_T24WWU_20230306T133643_r7424_c4864,sza_70_75,5,207,1122300.0,109800.0,3000.0,True
S2A_MSIL1C_20201003T143041_N0500_R139_T24WWU_20230306T133643_r7424_c4864,sza_70_75,10,130,1885800.0,382100.0,3400.0,True
S2A_MSIL1C_20201003T143041_N0500_R139_T24WWU_20230306T133643_r7424_c4864,sza_70_75,15,96,2258900.0,579500.0,2800.0,True
S2A_MSIL1C_20201003T143041_N0500_R139_T24WWU_20230306T133643_r7424_c4864,sza_70_75,20,84,2415900.0,1993900.0,2800.0,True
S2A_MSIL1C_20201003T143041_N0500_R139_T24WWU_20230306T133643_r7936_c2560,sza_70_75,5,78,906000.0,289800.0,3350.0,True
S2A_MSIL1C_20201003T143041_N0500_R139_T24WWU_20230306T133643_r7936_c2560,sza_70_75,10,48,1681800.0,677000.0,3950.0,True
S2A_MSIL1C_20201003T143041_N0500_R139_T24WWU_20230306T133643_r7936_c2560,sza_70_75,15,33,2165700.0,1122300.0,3400.0,True
S2A_MSIL1C_20201003T143041_N0500_R139_T24WWU_20230306T133643_r7936_c2560,sza_70_75,20,34,2412600.0,1290900.0,4050.0,True
S2A_MSIL1C_20221004T140031_N0510_R010_T25WES_20240721T141025_r10496_c1792,sza_70_75,5,7,246400.0,227200.0,3300.0,True
S2A_MSIL1C_20221004T140031_N0510_R010_T25WES_20240721T141025_r10496_c1792,sza_70_75,10,8,280400.0,258800.0,3100.0,True
S2A_MSIL1C_20221004T140031_N0510_R010_T25WES_20240721T141025_r10496_c1792,sza_70_75,15,8,286800.0,265100.0,3100.0,True
S2A_MSIL1C_20221004T140031_N0510_R010_T25WES_20240721T141025_r10496_c1792,sza_70_75,20,9,292800.0,269500.0,2900.0,True
S2A_MSIL1C_20221004T140031_N0510_R010_T25WES_20240721T141025_r9984_c1792,sza_70_75,5,74,305800.0,14300.0,2850.0,True
S2A_MSIL1C_20221004T140031_N0510_R010_T25WES_20240721T141025_r9984_c1792,sza_70_75,10,73,406200.0,30500.0,3200.0,True
S2A_MSIL1C_20221004T140031_N0510_R010_T25WES_20240721T141025_r9984_c1792,sza_70_75,15,76,445800.0,32200.0,3300.0,True
S2A_MSIL1C_20221004T140031_N0510_R010_T25WES_20240721T141025_r9984_c1792,sza_70_75,20,76,467900.0,32800.0,3500.0,True
S2B_MSIL1C_20171002T135009_N0500_R110_T25WEQ_20230817T124207_r0256_c0512,sza_70_75,5,0,0.0,0.0,0.0,True
S2B_MSIL1C_20171002T135009_N0500_R110_T25WEQ_20230817T124207_r0256_c0512,sza_70_75,10,0,0.0,0.0,0.0,True
S2B_MSIL1C_20171002T135009_N0500_R110_T25WEQ_20230817T124207_r0256_c0512,sza_70_75,15,0,0.0,0.0,0.0,True
S2B_MSIL1C_20171002T135009_N0500_R110_T25WEQ_20230817T124207_r0256_c0512,sza_70_75,20,0,0.0,0.0,0.0,True
S2B_MSIL1C_20171002T135009_N0500_R110_T25WEQ_20230817T124207_r0512_c1536,sza_70_75,5,5,65200.0,29900.0,6200.0,True
S2B_MSIL1C_20171002T135009_N0500_R110_T25WEQ_20230817T124207_r0512_c1536,sza_70_75,10,5,77400.0,39600.0,6400.0,True
S2B_MSIL1C_20171002T135009_N0500_R110_T25WEQ_20230817T124207_r0512_c1536,sza_70_75,15,5,80800.0,40500.0,6700.0,True
S2B_MSIL1C_20171002T135009_N0500_R110_T25WEQ_20230817T124207_r0512_c1536,sza_70_75,20,5,80900.0,40500.0,6700.0,True
S2B_MSIL1C_20171002T135009_N0500_R110_T25WEQ_20230817T124207_r0512_c4096,sza_70_75,5,3,44500.0,35900.0,6600.0,True
S2B_MSIL1C_20171002T135009_N0500_R110_T25WEQ_20230817T124207_r0512_c4096,sza_70_75,10,2,51000.0,43100.0,25500.0,True
S2B_MSIL1C_20171002T135009_N0500_R110_T25WEQ_20230817T124207_r0512_c4096,sza_70_75,15,2,53100.0,45100.0,26550.0,True
S2B_MSIL1C_20171002T135009_N0500_R110_T25WEQ_20230817T124207_r0512_c4096,sza_70_75,20,2,54700.0,46700.0,27350.0,True
S2B_MSIL1C_20171002T135009_N0500_R110_T25WER_20230817T124207_r10496_c0256,sza_70_75,5,3,36900.0,28700.0,4600.0,True
S2B_MSIL1C_20171002T135009_N0500_R110_T25WER_20230817T124207_r10496_c0256,sza_70_75,10,3,43800.0,35500.0,4700.0,True
S2B_MSIL1C_20171002T135009_N0500_R110_T25WER_20230817T124207_r10496_c0256,sza_70_75,15,3,44400.0,36100.0,4700.0,True
S2B_MSIL1C_20171002T135009_N0500_R110_T25WER_20230817T124207_r10496_c0256,sza_70_75,20,3,44700.0,36400.0,4700.0,True
S2B_MSIL1C_20171002T135009_N0500_R110_T25WER_20230817T124207_r10496_c1024,sza_70_75,5,1,26600.0,26600.0,26600.0,True
S2B_MSIL1C_20171002T135009_N0500_R110_T25WER_20230817T124207_r10496_c1024,sza_70_75,10,1,31700.0,31700.0,31700.0,True
S2B_MSIL1C_20171002T135009_N0500_R110_T25WER_20230817T124207_r10496_c1024,sza_70_75,15,1,32100.0,32100.0,32100.0,True
S2B_MSIL1C_20171002T135009_N0500_R110_T25WER_20230817T124207_r10496_c1024,sza_70_75,20,1,32100.0,32100.0,32100.0,True
S2B_MSIL1C_20171002T135009_N0500_R110_T25WER_20230817T124207_r10496_c3072,sza_70_75,5,1,10900.0,10900.0,10900.0,True
S2B_MSIL1C_20171002T135009_N0500_R110_T25WER_20230817T124207_r10496_c3072,sza_70_75,10,1,11100.0,11100.0,11100.0,True
S2B_MSIL1C_20171002T135009_N0500_R110_T25WER_20230817T124207_r10496_c3072,sza_70_75,15,1,11100.0,11100.0,11100.0,True
S2B_MSIL1C_20171002T135009_N0500_R110_T25WER_20230817T124207_r10496_c3072,sza_70_75,20,1,11100.0,11100.0,11100.0,True
S2B_MSIL1C_20171002T135009_N0500_R110_T25WER_20230817T124207_r1280_c3072,sza_70_75,5,21,146100.0,48800.0,2500.0,True
S2B_MSIL1C_20171002T135009_N0500_R110_T25WER_20230817T124207_r1280_c3072,sza_70_75,10,21,224200.0,146000.0,2200.0,True
S2B_MSIL1C_20171002T135009_N0500_R110_T25WER_20230817T124207_r1280_c3072,sza_70_75,15,22,281000.0,166600.0,2200.0,True
S2B_MSIL1C_20171002T135009_N0500_R110_T25WER_20230817T124207_r1280_c3072,sza_70_75,20,22,334700.0,193000.0,2200.0,True
S2B_MSIL1C_20171002T135009_N0500_R110_T25WER_20230817T124207_r4608_c6656,sza_70_75,5,1,21600.0,21600.0,21600.0,True
S2B_MSIL1C_20171002T135009_N0500_R110_T25WER_20230817T124207_r4608_c6656,sza_70_75,10,1,24100.0,24100.0,24100.0,True
S2B_MSIL1C_20171002T135009_N0500_R110_T25WER_20230817T124207_r4608_c6656,sza_70_75,15,1,24800.0,24800.0,24800.0,True
S2B_MSIL1C_20171002T135009_N0500_R110_T25WER_20230817T124207_r4608_c6656,sza_70_75,20,1,24900.0,24900.0,24900.0,True
S2B_MSIL1C_20171002T135009_N0500_R110_T25WER_20230817T124207_r7168_c7168,sza_70_75,5,1,22600.0,22600.0,22600.0,True
S2B_MSIL1C_20171002T135009_N0500_R110_T25WER_20230817T124207_r7168_c7168,sza_70_75,10,3,34300.0,28400.0,3000.0,True
S2B_MSIL1C_20171002T135009_N0500_R110_T25WER_20230817T124207_r7168_c7168,sza_70_75,15,2,42400.0,29100.0,21200.0,True
S2B_MSIL1C_20171002T135009_N0500_R110_T25WER_20230817T124207_r7168_c7168,sza_70_75,20,2,43500.0,29100.0,21750.0,True
S2B_MSIL1C_20171002T135009_N0500_R110_T25WER_20230817T124207_r8192_c2048,sza_70_75,5,30,121300.0,33300.0,2350.0,True
S2B_MSIL1C_20171002T135009_N0500_R110_T25WER_20230817T124207_r8192_c2048,sza_70_75,10,33,274200.0,41300.0,4700.0,True
S2B_MSIL1C_20171002T135009_N0500_R110_T25WER_20230817T124207_r8192_c2048,sza_70_75,15,42,344900.0,46100.0,2750.0,True
S2B_MSIL1C_20171002T135009_N0500_R110_T25WER_20230817T124207_r8192_c2048,sza_70_75,20,40,386900.0,77000.0,2600.0,True
S2B_MSIL1C_20171002T135009_N0500_R110_T25WER_20230817T124207_r8448_c2816,sza_70_75,5,1,3000.0,3000.0,3000.0,True
S2B_MSIL1C_20171002T135009_N0500_R110_T25WER_20230817T124207_r8448_c2816,sza_70_75,10,1,3000.0,3000.0,3000.0,True
S2B_MSIL1C_20171002T135009_N0500_R110_T25WER_20230817T124207_r8448_c2816,sza_70_75,15,1,3000.0,3000.0,3000.0,True
S2B_MSIL1C_20171002T135009_N0500_R110_T25WER_20230817T124207_r8448_c2816,sza_70_75,20,1,3100.0,3100.0,3100.0,True
S2B_MSIL1C_20171002T135009_N0500_R110_T25WER_20230817T124207_r8448_c3840,sza_70_75,5,1,2100.0,2100.0,2100.0,True
S2B_MSIL1C_20171002T135009_N0500_R110_T25WER_20230817T124207_r8448_c3840,sza_70_75,10,1,2100.0,2100.0,2100.0,True
S2B_MSIL1C_20171002T135009_N0500_R110_T25WER_20230817T124207_r8448_c3840,sza_70_75,15,1,2100.0,2100.0,2100.0,True
S2B_MSIL1C_20171002T135009_N0500_R110_T25WER_20230817T124207_r8448_c3840,sza_70_75,20,1,2100.0,2100.0,2100.0,True
S2B_MSIL1C_20171002T135009_N0500_R110_T25WER_20230817T124207_r8704_c2816,sza_70_75,5,3,7800.0,2800.0,2700.0,True
S2B_MSIL1C_20171002T135009_N0500_R110_T25WER_20230817T124207_r8704_c2816,sza_70_75,10,3,7900.0,2800.0,2800.0,True
S2B_MSIL1C_20171002T135009_N0500_R110_T25WER_20230817T124207_r8704_c2816,sza_70_75,15,3,8000.0,2800.0,2800.0,True
S2B_MSIL1C_20171002T135009_N0500_R110_T25WER_20230817T124207_r8704_c2816,sza_70_75,20,3,8100.0,2800.0,2800.0,True
S2B_MSIL1C_20171002T135009_N0500_R110_T25WER_20230817T124207_r9216_c4352,sza_70_75,5,0,0.0,0.0,0.0,True
S2B_MSIL1C_20171002T135009_N0500_R110_T25WER_20230817T124207_r9216_c4352,sza_70_75,10,0,0.0,0.0,0.0,True
S2B_MSIL1C_20171002T135009_N0500_R110_T25WER_20230817T124207_r9216_c4352,sza_70_75,15,0,0.0,0.0,0.0,True
S2B_MSIL1C_20171002T135009_N0500_R110_T25WER_20230817T124207_r9216_c4352,sza_70_75,20,0,0.0,0.0,0.0,True
S2B_MSIL1C_20171002T135009_N0500_R110_T25WER_20230817T124207_r9472_c9728,sza_70_75,5,1,6300.0,6300.0,6300.0,True
S2B_MSIL1C_20171002T135009_N0500_R110_T25WER_20230817T124207_r9472_c9728,sza_70_75,10,1,6800.0,6800.0,6800.0,True
S2B_MSIL1C_20171002T135009_N0500_R110_T25WER_20230817T124207_r9472_c9728,sza_70_75,15,1,6800.0,6800.0,6800.0,True
S2B_MSIL1C_20171002T135009_N0500_R110_T25WER_20230817T124207_r9472_c9728,sza_70_75,20,1,6800.0,6800.0,6800.0,True
S2B_MSIL1C_20171002T135009_N0500_R110_T25WER_20230817T124207_r9728_c0768,sza_70_75,5,3,23200.0,18100.0,3000.0,True
S2B_MSIL1C_20171002T135009_N0500_R110_T25WER_20230817T124207_r9728_c0768,sza_70_75,10,3,24700.0,19600.0,3000.0,True
S2B_MSIL1C_20171002T135009_N0500_R110_T25WER_20230817T124207_r9728_c0768,sza_70_75,15,3,25200.0,20100.0,3000.0,True
S2B_MSIL1C_20171002T135009_N0500_R110_T25WER_20230817T124207_r9728_c0768,sza_70_75,20,3,25700.0,20600.0,3000.0,True
S2B_MSIL1C_20171002T135009_N0500_R110_T25WER_20230817T124207_r9984_c0768,sza_70_75,5,3,7400.0,3500.0,2300.0,True
S2B_MSIL1C_20171002T135009_N0500_R110_T25WER_20230817T124207_r9984_c0768,sza_70_75,10,3,7400.0,3500.0,2300.0,True
S2B_MSIL1C_20171002T135009_N0500_R110_T25WER_20230817T124207_r9984_c0768,sza_70_75,15,3,7400.0,3500.0,2300.0,True
S2B_MSIL1C_20171002T135009_N0500_R110_T25WER_20230817T124207_r9984_c0768,sza_70_75,20,3,7400.0,3500.0,2300.0,True
S2B_MSIL1C_20181003T141019_N0500_R053_T25WDQ_20230619T164213_r0000_c10496,sza_70_75,5,16,54400.0,13400.0,2600.0,True
S2B_MSIL1C_20181003T141019_N0500_R053_T25WDQ_20230619T164213_r0000_c10496,sza_70_75,10,15,84100.0,34000.0,2500.0,True
S2B_MSIL1C_20181003T141019_N0500_R053_T25WDQ_20230619T164213_r0000_c10496,sza_70_75,15,18,96400.0,36500.0,2500.0,True
S2B_MSIL1C_20181003T141019_N0500_R053_T25WDQ_20230619T164213_r0000_c10496,sza_70_75,20,16,112900.0,59900.0,2700.0,True
S2B_MSIL1C_20181003T141019_N0500_R053_T25WDQ_20230619T164213_r0512_c10496,sza_70_75,5,13,129400.0,42100.0,3400.0,True
S2B_MSIL1C_20181003T141019_N0500_R053_T25WDQ_20230619T164213_r0512_c10496,sza_70_75,10,11,148000.0,61000.0,3500.0,True
S2B_MSIL1C_20181003T141019_N0500_R053_T25WDQ_20230619T164213_r0512_c10496,sza_70_75,15,11,150800.0,62800.0,3700.0,True
S2B_MSIL1C_20181003T141019_N0500_R053_T25WDQ_20230619T164213_r0512_c10496,sza_70_75,20,11,152500.0,63400.0,3900.0,True
S2B_MSIL1C_20181003T141019_N0500_R053_T25WEQ_20230619T164213_r0000_c1024,sza_70_75,5,9,39700.0,8600.0,4400.0,True
S2B_MSIL1C_20181003T141019_N0500_R053_T25WEQ_20230619T164213_r0000_c1024,sza_70_75,10,9,76600.0,29800.0,5400.0,True
S2B_MSIL1C_20181003T141019_N0500_R053_T25WEQ_20230619T164213_r0000_c1024,sza_70_75,15,11,103300.0,33500.0,4000.0,True
S2B_MSIL1C_20181003T141019_N0500_R053_T25WEQ_20230619T164213_r0000_c1024,sza_70_75,20,12,119100.0,33900.0,3550.0,True
S2B_MSIL1C_20181003T141019_N0500_R053_T25WEQ_20230619T164213_r0512_c0768,sza_70_75,5,3,9000.0,3800.0,2800.0,True
S2B_MSIL1C_20181003T141019_N0500_R053_T25WEQ_20230619T164213_r0512_c0768,sza_70_75,10,5,27700.0,16400.0,3100.0,True
S2B_MSIL1C_20181003T141019_N0500_R053_T25WEQ_20230619T164213_r0512_c0768,sza_70_75,15,5,28800.0,17500.0,3100.0,True
S2B_MSIL1C_20181003T141019_N0500_R053_T25WEQ_20230619T164213_r0512_c0768,sza_70_75,20,6,30700.0,17500.0,2800.0,True
S2B_MSIL1C_20201009T140009_N0500_R010_T25WEQ_20230305T173153_r0512_c7168,sza_70_75,5,0,0.0,0.0,0.0,True
S2B_MSIL1C_20201009T140009_N0500_R010_T25WEQ_20230305T173153_r0512_c7168,sza_70_75,10,0,0.0,0.0,0.0,True
S2B_MSIL1C_20201009T140009_N0500_R010_T25WEQ_20230305T173153_r0512_c7168,sza_70_75,15,0,0.0,0.0,0.0,True
S2B_MSIL1C_20201009T140009_N0500_R010_T25WEQ_20230305T173153_r0512_c7168,sza_70_75,20,0,0.0,0.0,0.0,True
S2B_MSIL1C_20201009T140009_N0500_R010_T25WEQ_20230305T173153_r0768_c1280,sza_70_75,5,0,0.0,0.0,0.0,True
S2B_MSIL1C_20201009T140009_N0500_R010_T25WEQ_20230305T173153_r0768_c1280,sza_70_75,10,0,0.0,0.0,0.0,True
S2B_MSIL1C_20201009T140009_N0500_R010_T25WEQ_20230305T173153_r0768_c1280,sza_70_75,15,0,0.0,0.0,0.0,True
S2B_MSIL1C_20201009T140009_N0500_R010_T25WEQ_20230305T173153_r0768_c1280,sza_70_75,20,0,0.0,0.0,0.0,True
S2B_MSIL1C_20201009T140009_N0500_R010_T25WES_20230305T173153_r9472_c2048,sza_70_75,5,71,198100.0,8100.0,2200.0,True
S2B_MSIL1C_20201009T140009_N0500_R010_T25WES_20230305T173153_r9472_c2048,sza_70_75,10,95,345500.0,13600.0,2700.0,True
S2B_MSIL1C_20201009T140009_N0500_R010_T25WES_20230305T173153_r9472_c2048,sza_70_75,15,92,409300.0,32400.0,2900.0,True
S2B_MSIL1C_20201009T140009_N0500_R010_T25WES_20230305T173153_r9472_c2048,sza_70_75,20,98,443500.0,37500.0,2900.0,True
S2B_MSIL1C_20211001T134859_N0500_R110_T25WDR_20230112T231721_r9472_c10240,sza_70_75,5,1,2100.0,2100.0,2100.0,True
S2B_MSIL1C_20211001T134859_N0500_R110_T25WDR_20230112T231721_r9472_c10240,sza_70_75,10,1,2100.0,2100.0,2100.0,True
S2B_MSIL1C_20211001T134859_N0500_R110_T25WDR_20230112T231721_r9472_c10240,sza_70_75,15,1,2100.0,2100.0,2100.0,True
S2B_MSIL1C_20211001T134859_N0500_R110_T25WDR_20230112T231721_r9472_c10240,sza_70_75,20,1,2100.0,2100.0,2100.0,True
S2B_MSIL1C_20211001T134859_N0500_R110_T25WEQ_20230112T231721_r0512_c6144,sza_70_75,5,0,0.0,0.0,0.0,True
S2B_MSIL1C_20211001T134859_N0500_R110_T25WEQ_20230112T231721_r0512_c6144,sza_70_75,10,0,0.0,0.0,0.0,True
S2B_MSIL1C_20211001T134859_N0500_R110_T25WEQ_20230112T231721_r0512_c6144,sza_70_75,15,0,0.0,0.0,0.0,True
S2B_MSIL1C_20211001T134859_N0500_R110_T25WEQ_20230112T231721_r0512_c6144,sza_70_75,20,0,0.0,0.0,0.0,True
S2B_MSIL1C_20211001T134859_N0500_R110_T25WER_20230112T231721_r10240_c6400,sza_70_75,5,0,0.0,0.0,0.0,True
S2B_MSIL1C_20211001T134859_N0500_R110_T25WER_20230112T231721_r10240_c6400,sza_70_75,10,0,0.0,0.0,0.0,True
S2B_MSIL1C_20211001T134859_N0500_R110_T25WER_20230112T231721_r10240_c6400,sza_70_75,15,0,0.0,0.0,0.0,True
S2B_MSIL1C_20211001T134859_N0500_R110_T25WER_20230112T231721_r10240_c6400,sza_70_75,20,0,0.0,0.0,0.0,True
S2B_MSIL1C_20211001T134859_N0500_R110_T25WER_20230112T231721_r3328_c2816,sza_70_75,5,4,56900.0,37400.0,8600.0,True
S2B_MSIL1C_20211001T134859_N0500_R110_T25WER_20230112T231721_r3328_c2816,sza_70_75,10,3,77900.0,71400.0,3900.0,True
S2B_MSIL1C_20211001T134859_N0500_R110_T25WER_20230112T231721_r3328_c2816,sza_70_75,15,3,80400.0,73700.0,4100.0,True
S2B_MSIL1C_20211001T134859_N0500_R110_T25WER_20230112T231721_r3328_c2816,sza_70_75,20,3,82500.0,75800.0,4100.0,True
S2B_MSIL1C_20211001T134859_N0500_R110_T25WER_20230112T231721_r3328_c3072,sza_70_75,5,10,221800.0,104800.0,3500.0,True
S2B_MSIL1C_20211001T134859_N0500_R110_T25WER_20230112T231721_r3328_c3072,sza_70_75,10,6,343900.0,258800.0,4600.0,True
S2B_MSIL1C_20211001T134859_N0500_R110_T25WER_20230112T231721_r3328_c3072,sza_70_75,15,5,375200.0,292100.0,3400.0,True
S2B_MSIL1C_20211001T134859_N0500_R110_T25WER_20230112T231721_r3328_c3072,sza_70_75,20,4,398100.0,317300.0,39500.0,True
S2B_MSIL1C_20211001T134859_N0500_R110_T25WER_20230112T231721_r3840_c3584,sza_70_75,5,17,719200.0,464000.0,7500.0,True
S2B_MSIL1C_20211001T134859_N0500_R110_T25WER_20230112T231721_r3840_c3584,sza_70_75,10,10,961500.0,588800.0,10650.0,True
S2B_MSIL1C_20211001T134859_N0500_R110_T25WER_20230112T231721_r3840_c3584,sza_70_75,15,11,1048100.0,640500.0,8900.0,True
S2B_MSIL1C_20211001T134859_N0500_R110_T25WER_20230112T231721_r3840_c3584,sza_70_75,20,10,1077000.0,654300.0,11350.0,True
S2B_MSIL1C_20211001T134859_N0500_R110_T25WER_20230112T231721_r3840_c4608,sza_70_75,5,14,247800.0,89300.0,3950.0,True
S2B_MSIL1C_20211001T134859_N0500_R110_T25WER_20230112T231721_r3840_c4608,sza_70_75,10,12,293400.0,108000.0,3650.0,True
S2B_MSIL1C_20211001T134859_N0500_R110_T25WER_20230112T231721_r3840_c4608,sza_70_75,15,11,303800.0,112000.0,3600.0,True
S2B_MSIL1C_20211001T134859_N0500_R110_T25WER_20230112T231721_r3840_c4608,sza_70_75,20,11,307800.0,115100.0,3600.0,True
S2B_MSIL1C_20211001T134859_N0500_R110_T25WER_20230112T231721_r5376_c4096,sza_70_75,5,27,135700.0,24700.0,3100.0,True
S2B_MSIL1C_20211001T134859_N0500_R110_T25WER_20230112T231721_r5376_c4096,sza_70_75,10,30,191600.0,49800.0,2300.0,True
S2B_MSIL1C_20211001T134859_N0500_R110_T25WER_20230112T231721_r5376_c4096,sza_70_75,15,35,224600.0,65800.0,2300.0,True
S2B_MSIL1C_20211001T134859_N0500_R110_T25WER_20230112T231721_r5376_c4096,sza_70_75,20,34,236300.0,73500.0,2350.0,True
S2B_MSIL1C_20211001T134859_N0500_R110_T25WER_20230112T231721_r6144_c3840,sza_70_75,5,79,630200.0,145600.0,3500.0,True
S2B_MSIL1C_20211001T134859_N0500_R110_T25WER_20230112T231721_r6144_c3840,sza_70_75,10,69,971900.0,226700.0,3900.0,True
S2B_MSIL1C_20211001T134859_N0500_R110_T25WER_20230112T231721_r6144_c3840,sza_70_75,15,62,1128400.0,279400.0,4500.0,True
S2B_MSIL1C_20211001T134859_N0500_R110_T25WER_20230112T231721_r6144_c3840,sza_70_75,20,60,1173600.0,313600.0,4400.0,True
S2B_MSIL1C_20211001T134859_N0500_R110_T25WER_20230112T231721_r6912_c5632,sza_70_75,5,0,0.0,0.0,0.0,True
S2B_MSIL1C_20211001T134859_N0500_R110_T25WER_20230112T231721_r6912_c5632,sza_70_75,10,1,1900.0,1900.0,1900.0,True
S2B_MSIL1C_20211001T134859_N0500_R110_T25WER_20230112T231721_r6912_c5632,sza_70_75,15,1,1900.0,1900.0,1900.0,True
S2B_MSIL1C_20211001T134859_N0500_R110_T25WER_20230112T231721_r6912_c5632,sza_70_75,20,1,1900.0,1900.0,1900.0,True
S2B_MSIL1C_20211001T134859_N0500_R110_T25WER_20230112T231721_r7168_c3072,sza_70_75,5,48,595000.0,283100.0,2850.0,True
S2B_MSIL1C_20211001T134859_N0500_R110_T25WER_20230112T231721_r7168_c3072,sza_70_75,10,40,975800.0,622400.0,2450.0,True
S2B_MSIL1C_20211001T134859_N0500_R110_T25WER_20230112T231721_r7168_c3072,sza_70_75,15,36,1177400.0,998700.0,2450.0,True
S2B_MSIL1C_20211001T134859_N0500_R110_T25WER_20230112T231721_r7168_c3072,sza_70_75,20,36,1324500.0,1068100.0,2450.0,True
S2B_MSIL1C_20211001T134859_N0500_R110_T25WER_20230112T231721_r7936_c4096,sza_70_75,5,10,171600.0,54900.0,13000.0,True
S2B_MSIL1C_20211001T134859_N0500_R110_T25WER_20230112T231721_r7936_c4096,sza_70_75,10,12,224300.0,81100.0,14950.0,True
S2B_MSIL1C_20211001T134859_N0500_R110_T25WER_20230112T231721_r7936_c4096,sza_70_75,15,12,236800.0,89500.0,15250.0,True
S2B_MSIL1C_20211001T134859_N0500_R110_T25WER_20230112T231721_r7936_c4096,sza_70_75,20,12,246300.0,97300.0,15350.0,True
S2B_MSIL1C_20211001T134859_N0500_R110_T25WER_20230112T231721_r7936_c6912,sza_70_75,5,0,0.0,0.0,0.0,True
S2B_MSIL1C_20211001T134859_N0500_R110_T25WER_20230112T231721_r7936_c6912,sza_70_75,10,1,1700.0,1700.0,1700.0,True
S2B_MSIL1C_20211001T134859_N0500_R110_T25WER_20230112T231721_r7936_c6912,sza_70_75,15,1,1700.0,1700.0,1700.0,True
S2B_MSIL1C_20211001T134859_N0500_R110_T25WER_20230112T231721_r7936_c6912,sza_70_75,20,1,1700.0,1700.0,1700.0,True
S2B_MSIL1C_20211001T134859_N0500_R110_T25WER_20230112T231721_r8448_c2048,sza_70_75,5,1,1600.0,1600.0,1600.0,True
S2B_MSIL1C_20211001T134859_N0500_R110_T25WER_20230112T231721_r8448_c2048,sza_70_75,10,1,1900.0,1900.0,1900.0,True
S2B_MSIL1C_20211001T134859_N0500_R110_T25WER_20230112T231721_r8448_c2048,sza_70_75,15,1,1900.0,1900.0,1900.0,True
S2B_MSIL1C_20211001T134859_N0500_R110_T25WER_20230112T231721_r8448_c2048,sza_70_75,20,1,1900.0,1900.0,1900.0,True
S2B_MSIL1C_20211001T134859_N0500_R110_T25WER_20230112T231721_r8704_c6400,sza_70_75,5,0,0.0,0.0,0.0,True
S2B_MSIL1C_20211001T134859_N0500_R110_T25WER_20230112T231721_r8704_c6400,sza_70_75,10,0,0.0,0.0,0.0,True
S2B_MSIL1C_20211001T134859_N0500_R110_T25WER_20230112T231721_r8704_c6400,sza_70_75,15,0,0.0,0.0,0.0,True
S2B_MSIL1C_20211001T134859_N0500_R110_T25WER_20230112T231721_r8704_c6400,sza_70_75,20,0,0.0,0.0,0.0,True
S2B_MSIL1C_20211001T134859_N0500_R110_T25WER_20230112T231721_r8960_c5632,sza_70_75,5,1,1600.0,1600.0,1600.0,True
S2B_MSIL1C_20211001T134859_N0500_R110_T25WER_20230112T231721_r8960_c5632,sza_70_75,10,1,1600.0,1600.0,1600.0,True
S2B_MSIL1C_20211001T134859_N0500_R110_T25WER_20230112T231721_r8960_c5632,sza_70_75,15,1,1600.0,1600.0,1600.0,True
S2B_MSIL1C_20211001T134859_N0500_R110_T25WER_20230112T231721_r8960_c5632,sza_70_75,20,1,1600.0,1600.0,1600.0,True
S2B_MSIL1C_20211001T134859_N0500_R110_T25WER_20230112T231721_r9728_c4352,sza_70_75,5,1,119000.0,119000.0,119000.0,True
S2B_MSIL1C_20211001T134859_N0500_R110_T25WER_20230112T231721_r9728_c4352,sza_70_75,10,1,137200.0,137200.0,137200.0,True
S2B_MSIL1C_20211001T134859_N0500_R110_T25WER_20230112T231721_r9728_c4352,sza_70_75,15,1,144200.0,144200.0,144200.0,True
S2B_MSIL1C_20211001T134859_N0500_R110_T25WER_20230112T231721_r9728_c4352,sza_70_75,20,1,148300.0,148300.0,148300.0,True
S2B_MSIL1C_20211001T134859_N0500_R110_T25WER_20230112T231721_r9984_c0768,sza_70_75,5,2,7500.0,4400.0,3750.0,True
S2B_MSIL1C_20211001T134859_N0500_R110_T25WER_20230112T231721_r9984_c0768,sza_70_75,10,2,7900.0,4800.0,3950.0,True
S2B_MSIL1C_20211001T134859_N0500_R110_T25WER_20230112T231721_r9984_c0768,sza_70_75,15,2,8000.0,4900.0,4000.0,True
S2B_MSIL1C_20211001T134859_N0500_R110_T25WER_20230112T231721_r9984_c0768,sza_70_75,20,2,8000.0,4900.0,4000.0,True
S2B_MSIL1C_20211001T134859_N0500_R110_T25WER_20230112T231721_r9984_c2048,sza_70_75,5,12,182800.0,124900.0,3750.0,True
S2B_MSIL1C_20211001T134859_N0500_R110_T25WER_20230112T231721_r9984_c2048,sza_70_75,10,8,276100.0,212400.0,11500.0,True
S2B_MSIL1C_20211001T134859_N0500_R110_T25WER_20230112T231721_r9984_c2048,sza_70_75,15,4,311600.0,271400.0,15800.0,True
S2B_MSIL1C_20211001T134859_N0500_R110_T25WER_20230112T231721_r9984_c2048,sza_70_75,20,3,318700.0,293900.0,16200.0,True
S2B_MSIL1C_20221005T141949_N0510_R096_T24WWU_20240727T202953_r4608_c7168,sza_70_75,5,181,885800.0,38200.0,2800.0,True
S2B_MSIL1C_20221005T141949_N0510_R096_T24WWU_20240727T202953_r4608_c7168,sza_70_75,10,122,1734100.0,925400.0,2900.0,True
S2B_MSIL1C_20221005T141949_N0510_R096_T24WWU_20240727T202953_r4608_c7168,sza_70_75,15,93,2149100.0,1364600.0,3200.0,True
S2B_MSIL1C_20221005T141949_N0510_R096_T24WWU_20240727T202953_r4608_c7168,sza_70_75,20,91,2304400.0,1454700.0,3000.0,True
S2B_MSIL1C_20221005T141949_N0510_R096_T24WWU_20240727T202953_r5632_c6656,sza_70_75,5,206,1090600.0,49600.0,3250.0,True
S2B_MSIL1C_20221005T141949_N0510_R096_T24WWU_20240727T202953_r5632_c6656,sza_70_75,10,86,2088300.0,404500.0,4450.0,True
S2B_MSIL1C_20221005T141949_N0510_R096_T24WWU_20240727T202953_r5632_c6656,sza_70_75,15,68,2554000.0,691000.0,3750.0,True
S2B_MSIL1C_20221005T141949_N0510_R096_T24WWU_20240727T202953_r5632_c6656,sza_70_75,20,61,2785300.0,1631400.0,3300.0,True
S2B_MSIL1C_20221005T141949_N0510_R096_T24WWU_20240727T202953_r6144_c5376,sza_70_75,5,256,1010800.0,37600.0,2700.0,True
S2B_MSIL1C_20221005T141949_N0510_R096_T24WWU_20240727T202953_r6144_c5376,sza_70_75,10,120,2468000.0,844400.0,4050.0,True
S2B_MSIL1C_20221005T141949_N0510_R096_T24WWU_20240727T202953_r6144_c5376,sza_70_75,15,49,3051700.0,2476700.0,4700.0,True
S2B_MSIL1C_20221005T141949_N0510_R096_T24WWU_20240727T202953_r6144_c5376,sza_70_75,20,38,3305700.0,2703400.0,4650.0,True
S2B_MSIL1C_20221005T141949_N0510_R096_T24WWU_20240727T202953_r6144_c5632,sza_70_75,5,237,1230400.0,35800.0,3000.0,True
S2B_MSIL1C_20221005T141949_N0510_R096_T24WWU_20240727T202953_r6144_c5632,sza_70_75,10,105,2645600.0,1876200.0,3300.0,True
S2B_MSIL1C_20221005T141949_N0510_R096_T24WWU_20240727T202953_r6144_c5632,sza_70_75,15,64,3128800.0,2643300.0,4100.0,True
S2B_MSIL1C_20221005T141949_N0510_R096_T24WWU_20240727T202953_r6144_c5632,sza_70_75,20,53,3426200.0,2977700.0,2600.0,True
S2B_MSIL1C_20221005T141949_N0510_R096_T24WWU_20240727T202953_r6144_c6400,sza_70_75,5,146,793100.0,44600.0,3300.0,True
S2B_MSIL1C_20221005T141949_N0510_R096_T24WWU_20240727T202953_r6144_c6400,sza_70_75,10,99,1472200.0,154600.0,4600.0,True
S2B_MSIL1C_20221005T141949_N0510_R096_T24WWU_20240727T202953_r6144_c6400,sza_70_75,15,77,1816100.0,492100.0,3700.0,True
S2B_MSIL1C_20221005T141949_N0510_R096_T24WWU_20240727T202953_r6144_c6400,sza_70_75,20,76,1983700.0,548800.0,3400.0,True
S2B_MSIL1C_20221005T141949_N0510_R096_T24WWU_20240727T202953_r8960_c2560,sza_70_75,5,20,312300.0,183200.0,5350.0,True
S2B_MSIL1C_20221005T141949_N0510_R096_T24WWU_20240727T202953_r8960_c2560,sza_70_75,10,11,510300.0,328300.0,9700.0,True
S2B_MSIL1C_20221005T141949_N0510_R096_T24WWU_20240727T202953_r8960_c2560,sza_70_75,15,6,618700.0,391500.0,40250.0,True
S2B_MSIL1C_20221005T141949_N0510_R096_T24WWU_20240727T202953_r8960_c2560,sza_70_75,20,6,669600.0,434000.0,43750.0,True
S2A_MSIL1C_20161107T141402_N0500_R053_T24WVT_20230921T211238_r6144_c9984,sza_gt75,5,2,5000.0,2700.0,2500.0,True
S2A_MSIL1C_20161107T141402_N0500_R053_T24WVT_20230921T211238_r6144_c9984,sza_gt75,10,3,7400.0,3300.0,2500.0,True
S2A_MSIL1C_20161107T141402_N0500_R053_T24WVT_20230921T211238_r6144_c9984,sza_gt75,15,3,7500.0,3400.0,2500.0,True
S2A_MSIL1C_20161107T141402_N0500_R053_T24WVT_20230921T211238_r6144_c9984,sza_gt75,20,3,7500.0,3400.0,2500.0,True
S2A_MSIL1C_20161107T141402_N0500_R053_T24WVT_20230921T211238_r9472_c9984,sza_gt75,5,12,26000.0,3300.0,2050.0,True
S2A_MSIL1C_20161107T141402_N0500_R053_T24WVT_20230921T211238_r9472_c9984,sza_gt75,10,25,57600.0,4500.0,1900.0,True
S2A_MSIL1C_20161107T141402_N0500_R053_T24WVT_20230921T211238_r9472_c9984,sza_gt75,15,28,67300.0,4800.0,2000.0,True
S2A_MSIL1C_20161107T141402_N0500_R053_T24WVT_20230921T211238_r9472_c9984,sza_gt75,20,34,81400.0,5200.0,1950.0,True
S2A_MSIL1C_20161107T141402_N0500_R053_T24WWT_20230921T211238_r10496_c5120,sza_gt75,5,1,2300.0,2300.0,2300.0,True
S2A_MSIL1C_20161107T141402_N0500_R053_T24WWT_20230921T211238_r10496_c5120,sza_gt75,10,1,2500.0,2500.0,2500.0,True
S2A_MSIL1C_20161107T141402_N0500_R053_T24WWT_20230921T211238_r10496_c5120,sza_gt75,15,1,2800.0,2800.0,2800.0,True
S2A_MSIL1C_20161107T141402_N0500_R053_T24WWT_20230921T211238_r10496_c5120,sza_gt75,20,1,2800.0,2800.0,2800.0,True
S2A_MSIL1C_20161107T141402_N0500_R053_T24WWT_20230921T211238_r6400_c0000,sza_gt75,5,1,2800.0,2800.0,2800.0,True
S2A_MSIL1C_20161107T141402_N0500_R053_T24WWT_20230921T211238_r6400_c0000,sza_gt75,10,2,5400.0,3800.0,2700.0,True
S2A_MSIL1C_20161107T141402_N0500_R053_T24WWT_20230921T211238_r6400_c0000,sza_gt75,15,3,7300.0,4000.0,1700.0,True
S2A_MSIL1C_20161107T141402_N0500_R053_T24WWT_20230921T211238_r6400_c0000,sza_gt75,20,3,7600.0,4000.0,1900.0,True
S2A_MSIL1C_20161107T141402_N0500_R053_T24WWT_20230921T211238_r8448_c0768,sza_gt75,5,4,14500.0,6000.0,3000.0,True
S2A_MSIL1C_20161107T141402_N0500_R053_T24WWT_20230921T211238_r8448_c0768,sza_gt75,10,4,18300.0,8900.0,3350.0,True
S2A_MSIL1C_20161107T141402_N0500_R053_T24WWT_20230921T211238_r8448_c0768,sza_gt75,15,4,19600.0,9700.0,3600.0,True
S2A_MSIL1C_20161107T141402_N0500_R053_T24WWT_20230921T211238_r8448_c0768,sza_gt75,20,4,20700.0,10200.0,3700.0,True
S2A_MSIL1C_20161107T141402_N0500_R053_T24WWT_20230921T211238_r9472_c1792,sza_gt75,5,6,15700.0,6600.0,1900.0,True
S2A_MSIL1C_20161107T141402_N0500_R053_T24WWT_20230921T211238_r9472_c1792,sza_gt75,10,6,17600.0,7600.0,2150.0,True
S2A_MSIL1C_20161107T141402_N0500_R053_T24WWT_20230921T211238_r9472_c1792,sza_gt75,15,7,21100.0,8400.0,2300.0,True
S2A_MSIL1C_20161107T141402_N0500_R053_T24WWT_20230921T211238_r9472_c1792,sza_gt75,20,7,21400.0,8500.0,2300.0,True
S2A_MSIL1C_20171102T141341_N0500_R053_T24WWT_20230720T212316_r0768_c4096,sza_gt75,5,38,109800.0,11200.0,2200.0,True
S2A_MSIL1C_20171102T141341_N0500_R053_T24WWT_20230720T212316_r0768_c4096,sza_gt75,10,45,144800.0,12800.0,2400.0,True
S2A_MSIL1C_20171102T141341_N0500_R053_T24WWT_20230720T212316_r0768_c4096,sza_gt75,15,45,175100.0,19000.0,2600.0,True
S2A_MSIL1C_20171102T141341_N0500_R053_T24WWT_20230720T212316_r0768_c4096,sza_gt75,20,46,180800.0,19500.0,2550.0,True
S2A_MSIL1C_20171102T141341_N0500_R053_T24WWT_20230720T212316_r2560_c4352,sza_gt75,5,0,0.0,0.0,0.0,True
S2A_MSIL1C_20171102T141341_N0500_R053_T24WWT_20230720T212316_r2560_c4352,sza_gt75,10,0,0.0,0.0,0.0,True
S2A_MSIL1C_20171102T141341_N0500_R053_T24WWT_20230720T212316_r2560_c4352,sza_gt75,15,0,0.0,0.0,0.0,True
S2A_MSIL1C_20171102T141341_N0500_R053_T24WWT_20230720T212316_r2560_c4352,sza_gt75,20,0,0.0,0.0,0.0,True
S2A_MSIL1C_20171102T141341_N0500_R053_T24WWT_20230720T212316_r2816_c4352,sza_gt75,5,2,4500.0,2300.0,2250.0,True
S2A_MSIL1C_20171102T141341_N0500_R053_T24WWT_20230720T212316_r2816_c4352,sza_gt75,10,2,4500.0,2300.0,2250.0,True
S2A_MSIL1C_20171102T141341_N0500_R053_T24WWT_20230720T212316_r2816_c4352,sza_gt75,15,2,4600.0,2400.0,2300.0,True
S2A_MSIL1C_20171102T141341_N0500_R053_T24WWT_20230720T212316_r2816_c4352,sza_gt75,20,2,4600.0,2400.0,2300.0,True
S2A_MSIL1C_20171102T141341_N0500_R053_T24WWT_20230720T212316_r3584_c2304,sza_gt75,5,1,1800.0,1800.0,1800.0,True
S2A_MSIL1C_20171102T141341_N0500_R053_T24WWT_20230720T212316_r3584_c2304,sza_gt75,10,1,1800.0,1800.0,1800.0,True
S2A_MSIL1C_20171102T141341_N0500_R053_T24WWT_20230720T212316_r3584_c2304,sza_gt75,15,1,1800.0,1800.0,1800.0,True
S2A_MSIL1C_20171102T141341_N0500_R053_T24WWT_20230720T212316_r3584_c2304,sza_gt75,20,1,1800.0,1800.0,1800.0,True
S2A_MSIL1C_20171102T141341_N0500_R053_T24WWT_20230720T212316_r7936_c2048,sza_gt75,5,0,0.0,0.0,0.0,True
S2A_MSIL1C_20171102T141341_N0500_R053_T24WWT_20230720T212316_r7936_c2048,sza_gt75,10,0,0.0,0.0,0.0,True
S2A_MSIL1C_20171102T141341_N0500_R053_T24WWT_20230720T212316_r7936_c2048,sza_gt75,15,0,0.0,0.0,0.0,True
S2A_MSIL1C_20171102T141341_N0500_R053_T24WWT_20230720T212316_r7936_c2048,sza_gt75,20,0,0.0,0.0,0.0,True
S2A_MSIL1C_20171102T141341_N0500_R053_T24WWU_20230720T212316_r4096_c4096,sza_gt75,5,3,211100.0,205000.0,4400.0,True
S2A_MSIL1C_20171102T141341_N0500_R053_T24WWU_20230720T212316_r4096_c4096,sza_gt75,10,6,253300.0,239200.0,3150.0,True
S2A_MSIL1C_20171102T141341_N0500_R053_T24WWU_20230720T212316_r4096_c4096,sza_gt75,15,7,288100.0,251600.0,8400.0,True
S2A_MSIL1C_20171102T141341_N0500_R053_T24WWU_20230720T212316_r4096_c4096,sza_gt75,20,7,308300.0,264400.0,8400.0,True
S2A_MSIL1C_20171102T141341_N0500_R053_T24WWU_20230720T212316_r4352_c5888,sza_gt75,5,152,818800.0,75600.0,3300.0,True
S2A_MSIL1C_20171102T141341_N0500_R053_T24WWU_20230720T212316_r4352_c5888,sza_gt75,10,139,1254800.0,257300.0,3800.0,True
S2A_MSIL1C_20171102T141341_N0500_R053_T24WWU_20230720T212316_r4352_c5888,sza_gt75,15,124,1414700.0,288500.0,3850.0,True
S2A_MSIL1C_20171102T141341_N0500_R053_T24WWU_20230720T212316_r4352_c5888,sza_gt75,20,121,1508400.0,318400.0,3800.0,True
S2A_MSIL1C_20171102T141341_N0500_R053_T24WWU_20230720T212316_r5376_c6400,sza_gt75,5,52,163700.0,10200.0,2250.0,True
S2A_MSIL1C_20171102T141341_N0500_R053_T24WWU_20230720T212316_r5376_c6400,sza_gt75,10,57,192300.0,30800.0,2300.0,True
S2A_MSIL1C_20171102T141341_N0500_R053_T24WWU_20230720T212316_r5376_c6400,sza_gt75,15,61,205000.0,31300.0,2300.0,True
S2A_MSIL1C_20171102T141341_N0500_R053_T24WWU_20230720T212316_r5376_c6400,sza_gt75,20,64,214300.0,31800.0,2300.0,True
S2A_MSIL1C_20171102T141341_N0500_R053_T24WWU_20230720T212316_r5632_c4608,sza_gt75,5,33,497700.0,173900.0,3800.0,True
S2A_MSIL1C_20171102T141341_N0500_R053_T24WWU_20230720T212316_r5632_c4608,sza_gt75,10,37,612200.0,310100.0,3400.0,True
S2A_MSIL1C_20171102T141341_N0500_R053_T24WWU_20230720T212316_r5632_c4608,sza_gt75,15,49,703800.0,322100.0,3100.0,True
S2A_MSIL1C_20171102T141341_N0500_R053_T24WWU_20230720T212316_r5632_c4608,sza_gt75,20,46,817100.0,361600.0,3600.0,True
S2A_MSIL1C_20171102T141341_N0500_R053_T24WWU_20230720T212316_r5888_c5632,sza_gt75,5,42,101900.0,4800.0,2100.0,True
S2A_MSIL1C_20171102T141341_N0500_R053_T24WWU_20230720T212316_r5888_c5632,sza_gt75,10,47,132500.0,7100.0,2200.0,True
S2A_MSIL1C_20171102T141341_N0500_R053_T24WWU_20230720T212316_r5888_c5632,sza_gt75,15,54,154100.0,10200.0,2250.0,True
S2A_MSIL1C_20171102T141341_N0500_R053_T24WWU_20230720T212316_r5888_c5632,sza_gt75,20,60,171000.0,12200.0,2200.0,True
S2A_MSIL1C_20171102T141341_N0500_R053_T24WWU_20230720T212316_r6912_c5376,sza_gt75,5,98,317700.0,34300.0,2300.0,True
S2A_MSIL1C_20171102T141341_N0500_R053_T24WWU_20230720T212316_r6912_c5376,sza_gt75,10,105,414400.0,55300.0,2300.0,True
S2A_MSIL1C_20171102T141341_N0500_R053_T24WWU_20230720T212316_r6912_c5376,sza_gt75,15,109,509500.0,70100.0,2200.0,True
S2A_MSIL1C_20171102T141341_N0500_R053_T24WWU_20230720T212316_r6912_c5376,sza_gt75,20,110,524900.0,72400.0,2200.0,True
S2A_MSIL1C_20171102T141341_N0500_R053_T24WWU_20230720T212316_r8704_c2560,sza_gt75,5,11,514000.0,380500.0,3600.0,True
S2A_MSIL1C_20171102T141341_N0500_R053_T24WWU_20230720T212316_r8704_c2560,sza_gt75,10,12,640500.0,466000.0,4050.0,True
S2A_MSIL1C_20171102T141341_N0500_R053_T24WWU_20230720T212316_r8704_c2560,sza_gt75,15,10,720000.0,529600.0,9150.0,True
S2A_MSIL1C_20171102T141341_N0500_R053_T24WWU_20230720T212316_r8704_c2560,sza_gt75,20,11,789900.0,568900.0,7600.0,True
S2A_MSIL1C_20201102T143351_N0500_R139_T24WVT_20230318T171809_r5120_c9984,sza_gt75,5,0,0.0,0.0,0.0,True
S2A_MSIL1C_20201102T143351_N0500_R139_T24WVT_20230318T171809_r5120_c9984,sza_gt75,10,0,0.0,0.0,0.0,True
S2A_MSIL1C_20201102T143351_N0500_R139_T24WVT_20230318T171809_r5120_c9984,sza_gt75,15,0,0.0,0.0,0.0,True
S2A_MSIL1C_20201102T143351_N0500_R139_T24WVT_20230318T171809_r5120_c9984,sza_gt75,20,0,0.0,0.0,0.0,True
S2A_MSIL1C_20201102T143351_N0500_R139_T24WWT_20230318T171809_r3584_c0256,sza_gt75,5,29,121300.0,11400.0,3500.0,True
S2A_MSIL1C_20201102T143351_N0500_R139_T24WWT_20230318T171809_r3584_c0256,sza_gt75,10,29,138800.0,12400.0,3900.0,True
S2A_MSIL1C_20201102T143351_N0500_R139_T24WWT_20230318T171809_r3584_c0256,sza_gt75,15,31,150200.0,12800.0,3600.0,True
S2A_MSIL1C_20201102T143351_N0500_R139_T24WWT_20230318T171809_r3584_c0256,sza_gt75,20,30,162300.0,21700.0,3800.0,True
S2A_MSIL1C_20201102T143351_N0500_R139_T24WWT_20230318T171809_r4096_c0256,sza_gt75,5,55,432500.0,78700.0,3000.0,True
S2A_MSIL1C_20201102T143351_N0500_R139_T24WWT_20230318T171809_r4096_c0256,sza_gt75,10,59,613800.0,119900.0,2800.0,True
S2A_MSIL1C_20201102T143351_N0500_R139_T24WWT_20230318T171809_r4096_c0256,sza_gt75,15,64,694500.0,145800.0,2900.0,True
S2A_MSIL1C_20201102T143351_N0500_R139_T24WWT_20230318T171809_r4096_c0256,sza_gt75,20,60,726600.0,248200.0,2800.0,True
S2A_MSIL1C_20201102T143351_N0500_R139_T24WWU_20230318T171809_r6912_c5120,sza_gt75,5,117,551500.0,34800.0,3100.0,True
S2A_MSIL1C_20201102T143351_N0500_R139_T24WWU_20230318T171809_r6912_c5120,sza_gt75,10,103,746000.0,76100.0,3200.0,True
S2A_MSIL1C_20201102T143351_N0500_R139_T24WWU_20230318T171809_r6912_c5120,sza_gt75,15,96,833100.0,154600.0,3150.0,True
S2A_MSIL1C_20201102T143351_N0500_R139_T24WWU_20230318T171809_r6912_c5120,sza_gt75,20,96,867600.0,165900.0,3300.0,True
S2A_MSIL1C_20201102T143351_N0500_R139_T24WWU_20230318T171809_r6912_c5632,sza_gt75,5,144,1275400.0,130600.0,3700.0,True
S2A_MSIL1C_20201102T143351_N0500_R139_T24WWU_20230318T171809_r6912_c5632,sza_gt75,10,109,1738800.0,802300.0,4500.0,True
S2A_MSIL1C_20201102T143351_N0500_R139_T24WWU_20230318T171809_r6912_c5632,sza_gt75,15,103,1930100.0,1020700.0,4500.0,True
S2A_MSIL1C_20201102T143351_N0500_R139_T24WWU_20230318T171809_r6912_c5632,sza_gt75,20,94,2045300.0,1128700.0,4800.0,True
S2A_MSIL1C_20201102T143351_N0500_R139_T24WWU_20230318T171809_r7168_c5120,sza_gt75,5,134,1189900.0,104200.0,3700.0,True
S2A_MSIL1C_20201102T143351_N0500_R139_T24WWU_20230318T171809_r7168_c5120,sza_gt75,10,97,1585400.0,348000.0,3800.0,True
S2A_MSIL1C_20201102T143351_N0500_R139_T24WWU_20230318T171809_r7168_c5120,sza_gt75,15,93,1702700.0,361500.0,3500.0,True
S2A_MSIL1C_20201102T143351_N0500_R139_T24WWU_20230318T171809_r7168_c5120,sza_gt75,20,86,1770700.0,424800.0,3500.0,True
S2A_MSIL1C_20211101T141331_N0500_R053_T24WWU_20221228T011417_r4096_c4096,sza_gt75,5,4,361200.0,314600.0,22400.0,True
S2A_MSIL1C_20211101T141331_N0500_R053_T24WWU_20221228T011417_r4096_c4096,sza_gt75,10,2,418700.0,416900.0,209350.0,True
S2A_MSIL1C_20211101T141331_N0500_R053_T24WWU_20221228T011417_r4096_c4096,sza_gt75,15,4,445800.0,438500.0,2750.0,True
S2A_MSIL1C_20211101T141331_N0500_R053_T24WWU_20221228T011417_r4096_c4096,sza_gt75,20,7,466900.0,451200.0,2900.0,True
S2A_MSIL1C_20211101T141331_N0500_R053_T24WWU_20221228T011417_r5888_c6144,sza_gt75,5,20,105200.0,32400.0,2700.0,True
S2A_MSIL1C_20211101T141331_N0500_R053_T24WWU_20221228T011417_r5888_c6144,sza_gt75,10,18,169200.0,65300.0,4500.0,True
S2A_MSIL1C_20211101T141331_N0500_R053_T24WWU_20221228T011417_r5888_c6144,sza_gt75,15,24,210600.0,74100.0,2650.0,True
S2A_MSIL1C_20211101T141331_N0500_R053_T24WWU_20221228T011417_r5888_c6144,sza_gt75,20,22,223300.0,81000.0,2700.0,True
S2A_MSIL1C_20211101T141331_N0500_R053_T24WWU_20221228T011417_r6400_c5120,sza_gt75,5,84,569400.0,41900.0,3350.0,True
S2A_MSIL1C_20211101T141331_N0500_R053_T24WWU_20221228T011417_r6400_c5120,sza_gt75,10,77,689900.0,73000.0,3500.0,True
S2A_MSIL1C_20211101T141331_N0500_R053_T24WWU_20221228T011417_r6400_c5120,sza_gt75,15,75,718600.0,86800.0,3200.0,True
S2A_MSIL1C_20211101T141331_N0500_R053_T24WWU_20221228T011417_r6400_c5120,sza_gt75,20,76,735700.0,89700.0,3250.0,True
S2A_MSIL1C_20211101T141331_N0500_R053_T24WWU_20221228T011417_r6656_c4864,sza_gt75,5,18,63300.0,15800.0,2550.0,True
S2A_MSIL1C_20211101T141331_N0500_R053_T24WWU_20221228T011417_r6656_c4864,sza_gt75,10,17,72900.0,25700.0,2500.0,True
S2A_MSIL1C_20211101T141331_N0500_R053_T24WWU_20221228T011417_r6656_c4864,sza_gt75,15,19,78000.0,26100.0,2500.0,True
S2A_MSIL1C_20211101T141331_N0500_R053_T24WWU_20221228T011417_r6656_c4864,sza_gt75,20,21,83200.0,26900.0,2200.0,True
S2A_MSIL1C_20211101T141331_N0500_R053_T24WWU_20221228T011417_r7168_c4864,sza_gt75,5,22,368800.0,126700.0,2450.0,True
S2A_MSIL1C_20211101T141331_N0500_R053_T24WWU_20221228T011417_r7168_c4864,sza_gt75,10,21,484900.0,194100.0,2500.0,True
S2A_MSIL1C_20211101T141331_N0500_R053_T24WWU_20221228T011417_r7168_c4864,sza_gt75,15,22,530900.0,204500.0,2400.0,True
S2A_MSIL1C_20211101T141331_N0500_R053_T24WWU_20221228T011417_r7168_c4864,sza_gt75,20,22,588500.0,212300.0,2450.0,True
S2A_MSIL1C_20211101T141331_N0500_R053_T24WWU_20221228T011417_r8704_c2816,sza_gt75,5,5,568700.0,548100.0,3200.0,True
S2A_MSIL1C_20211101T141331_N0500_R053_T24WWU_20221228T011417_r8704_c2816,sza_gt75,10,2,674300.0,671000.0,337150.0,True
S2A_MSIL1C_20211101T141331_N0500_R053_T24WWU_20221228T011417_r8704_c2816,sza_gt75,15,2,729000.0,725400.0,364500.0,True
S2A_MSIL1C_20211101T141331_N0500_R053_T24WWU_20221228T011417_r8704_c2816,sza_gt75,20,1,752400.0,752400.0,752400.0,True
S2A_MSIL1C_20211101T141331_N0500_R053_T24WWU_20221228T011417_r9216_c4096,sza_gt75,5,31,1021200.0,374000.0,6300.0,True
S2A_MSIL1C_20211101T141331_N0500_R053_T24WWU_20221228T011417_r9216_c4096,sza_gt75,10,24,1338400.0,555200.0,5200.0,True
S2A_MSIL1C_20211101T141331_N0500_R053_T24WWU_20221228T011417_r9216_c4096,sza_gt75,15,19,1521500.0,835700.0,4700.0,True
S2A_MSIL1C_20211101T141331_N0500_R053_T24WWU_20221228T011417_r9216_c4096,sza_gt75,20,21,1716800.0,998000.0,3700.0,True
S2A_MSIL1C_20221102T143351_N0510_R139_T24WWT_20240715T155321_r2560_c2560,sza_gt75,5,28,148500.0,27500.0,3200.0,True
S2A_MSIL1C_20221102T143351_N0510_R139_T24WWT_20240715T155321_r2560_c2560,sza_gt75,10,24,411200.0,154900.0,3550.0,True
S2A_MSIL1C_20221102T143351_N0510_R139_T24WWT_20240715T155321_r2560_c2560,sza_gt75,15,20,570100.0,253600.0,3400.0,True
S2A_MSIL1C_20221102T143351_N0510_R139_T24WWT_20240715T155321_r2560_c2560,sza_gt75,20,19,627800.0,352600.0,4000.0,True
S2A_MSIL1C_20221102T143351_N0510_R139_T24WWT_20240715T155321_r3072_c1536,sza_gt75,5,3,22500.0,18600.0,2300.0,True
S2A_MSIL1C_20221102T143351_N0510_R139_T24WWT_20240715T155321_r3072_c1536,sza_gt75,10,5,35200.0,23000.0,3900.0,True
S2A_MSIL1C_20221102T143351_N0510_R139_T24WWT_20240715T155321_r3072_c1536,sza_gt75,15,5,38000.0,23100.0,4100.0,True
S2A_MSIL1C_20221102T143351_N0510_R139_T24WWT_20240715T155321_r3072_c1536,sza_gt75,20,5,38600.0,23200.0,4300.0,True
S2A_MSIL1C_20221102T143351_N0510_R139_T24WWT_20240715T155321_r5376_c0768,sza_gt75,5,0,0.0,0.0,0.0,True
S2A_MSIL1C_20221102T143351_N0510_R139_T24WWT_20240715T155321_r5376_c0768,sza_gt75,10,0,0.0,0.0,0.0,True
S2A_MSIL1C_20221102T143351_N0510_R139_T24WWT_20240715T155321_r5376_c0768,sza_gt75,15,0,0.0,0.0,0.0,True
S2A_MSIL1C_20221102T143351_N0510_R139_T24WWT_20240715T155321_r5376_c0768,sza_gt75,20,0,0.0,0.0,0.0,True
S2A_MSIL1C_20221102T143351_N0510_R139_T24WWT_20240715T155321_r5632_c0512,sza_gt75,5,0,0.0,0.0,0.0,True
S2A_MSIL1C_20221102T143351_N0510_R139_T24WWT_20240715T155321_r5632_c0512,sza_gt75,10,2,4900.0,3100.0,2450.0,True
S2A_MSIL1C_20221102T143351_N0510_R139_T24WWT_20240715T155321_r5632_c0512,sza_gt75,15,2,4900.0,3100.0,2450.0,True
S2A_MSIL1C_20221102T143351_N0510_R139_T24WWT_20240715T155321_r5632_c0512,sza_gt75,20,2,5000.0,3200.0,2500.0,True
S2A_MSIL1C_20221102T143351_N0510_R139_T24WWT_20240715T155321_r5632_c1536,sza_gt75,5,0,0.0,0.0,0.0,True
S2A_MSIL1C_20221102T143351_N0510_R139_T24WWT_20240715T155321_r5632_c1536,sza_gt75,10,0,0.0,0.0,0.0,True
S2A_MSIL1C_20221102T143351_N0510_R139_T24WWT_20240715T155321_r5632_c1536,sza_gt75,15,0,0.0,0.0,0.0,True
S2A_MSIL1C_20221102T143351_N0510_R139_T24WWT_20240715T155321_r5632_c1536,sza_gt75,20,0,0.0,0.0,0.0,True
S2A_MSIL1C_20221102T143351_N0510_R139_T24WWU_20240715T155321_r6656_c5376,sza_gt75,5,86,243300.0,9200.0,2300.0,True
S2A_MSIL1C_20221102T143351_N0510_R139_T24WWU_20240715T155321_r6656_c5376,sza_gt75,10,127,629400.0,37300.0,2800.0,True
S2A_MSIL1C_20221102T143351_N0510_R139_T24WWU_20240715T155321_r6656_c5376,sza_gt75,15,132,892800.0,58100.0,3400.0,True
S2A_MSIL1C_20221102T143351_N0510_R139_T24WWU_20240715T155321_r6656_c5376,sza_gt75,20,125,1050400.0,73000.0,3400.0,True
S2B_MSIL1C_20181102T141339_N0500_R053_T24WWT_20230617T110018_r4096_c10240,sza_gt75,5,0,0.0,0.0,0.0,True
S2B_MSIL1C_20181102T141339_N0500_R053_T24WWT_20230617T110018_r4096_c10240,sza_gt75,10,0,0.0,0.0,0.0,True
S2B_MSIL1C_20181102T141339_N0500_R053_T24WWT_20230617T110018_r4096_c10240,sza_gt75,15,0,0.0,0.0,0.0,True
S2B_MSIL1C_20181102T141339_N0500_R053_T24WWT_20230617T110018_r4096_c10240,sza_gt75,20,0,0.0,0.0,0.0,True
S2B_MSIL1C_20181102T141339_N0500_R053_T24WWT_20230617T110018_r4096_c9472,sza_gt75,5,6,28000.0,13500.0,3200.0,True
S2B_MSIL1C_20181102T141339_N0500_R053_T24WWT_20230617T110018_r4096_c9472,sza_gt75,10,9,109100.0,48700.0,3900.0,True
S2B_MSIL1C_20181102T141339_N0500_R053_T24WWT_20230617T110018_r4096_c9472,sza_gt75,15,9,175800.0,80500.0,5100.0,True
S2B_MSIL1C_20181102T141339_N0500_R053_T24WWT_20230617T110018_r4096_c9472,sza_gt75,20,9,213000.0,107300.0,5300.0,True
S2B_MSIL1C_20181102T141339_N0500_R053_T24WWT_20230617T110018_r6656_c7424,sza_gt75,5,2,11200.0,9000.0,5600.0,True
S2B_MSIL1C_20181102T141339_N0500_R053_T24WWT_20230617T110018_r6656_c7424,sza_gt75,10,2,21600.0,17000.0,10800.0,True
S2B_MSIL1C_20181102T141339_N0500_R053_T24WWT_20230617T110018_r6656_c7424,sza_gt75,15,2,38100.0,31900.0,19050.0,True
S2B_MSIL1C_20181102T141339_N0500_R053_T24WWT_20230617T110018_r6656_c7424,sza_gt75,20,2,41400.0,35000.0,20700.0,True
S2B_MSIL1C_20181102T141339_N0500_R053_T24WWT_20230617T110018_r6912_c8704,sza_gt75,5,0,0.0,0.0,0.0,True
S2B_MSIL1C_20181102T141339_N0500_R053_T24WWT_20230617T110018_r6912_c8704,sza_gt75,10,0,0.0,0.0,0.0,True
S2B_MSIL1C_20181102T141339_N0500_R053_T24WWT_20230617T110018_r6912_c8704,sza_gt75,15,0,0.0,0.0,0.0,True
S2B_MSIL1C_20181102T141339_N0500_R053_T24WWT_20230617T110018_r6912_c8704,sza_gt75,20,0,0.0,0.0,0.0,True
S2B_MSIL1C_20181102T141339_N0500_R053_T24WXT_20230617T110018_r5120_c0768,sza_gt75,5,0,0.0,0.0,0.0,True
S2B_MSIL1C_20181102T141339_N0500_R053_T24WXT_20230617T110018_r5120_c0768,sza_gt75,10,1,6700.0,6700.0,6700.0,True
S2B_MSIL1C_20181102T141339_N0500_R053_T24WXT_20230617T110018_r5120_c0768,sza_gt75,15,2,15800.0,13500.0,7900.0,True
S2B_MSIL1C_20181102T141339_N0500_R053_T24WXT_20230617T110018_r5120_c0768,sza_gt75,20,2,21000.0,19300.0,10500.0,True
S2B_MSIL1C_20191001T142009_N0500_R096_T24WWU_20230612T151249_r7936_c4864,sza_gt75,5,133,360200.0,11500.0,2300.0,True
S2B_MSIL1C_20191001T142009_N0500_R096_T24WWU_20230612T151249_r7936_c4864,sza_gt75,10,188,953900.0,63100.0,3150.0,True
S2B_MSIL1C_20191001T142009_N0500_R096_T24WWU_20230612T151249_r7936_c4864,sza_gt75,15,181,1298300.0,179800.0,3300.0,True
S2B_MSIL1C_20191001T142009_N0500_R096_T24WWU_20230612T151249_r7936_c4864,sza_gt75,20,178,1646900.0,289600.0,3550.0,True
S2B_MSIL1C_20191104T140249_N0500_R010_T25WER_20230525T120804_r3328_c4096,sza_gt75,5,15,1614700.0,760700.0,2300.0,True
S2B_MSIL1C_20191104T140249_N0500_R010_T25WER_20230525T120804_r3328_c4096,sza_gt75,10,11,1917000.0,991100.0,2400.0,True
S2B_MSIL1C_20191104T140249_N0500_R010_T25WER_20230525T120804_r3328_c4096,sza_gt75,15,11,2032400.0,2003200.0,2500.0,True
S2B_MSIL1C_20191104T140249_N0500_R010_T25WER_20230525T120804_r3328_c4096,sza_gt75,20,12,2074500.0,2043200.0,2500.0,True
S2B_MSIL1C_20191104T140249_N0500_R010_T25WER_20230525T120804_r5120_c4096,sza_gt75,5,28,368400.0,128500.0,4200.0,True
S2B_MSIL1C_20191104T140249_N0500_R010_T25WER_20230525T120804_r5120_c4096,sza_gt75,10,20,498600.0,159100.0,5150.0,True
S2B_MSIL1C_20191104T140249_N0500_R010_T25WER_20230525T120804_r5120_c4096,sza_gt75,15,19,529100.0,167100.0,4800.0,True
S2B_MSIL1C_20191104T140249_N0500_R010_T25WER_20230525T120804_r5120_c4096,sza_gt75,20,19,539400.0,169900.0,5200.0,True
S2B_MSIL1C_20191104T140249_N0500_R010_T25WER_20230525T120804_r8448_c2048,sza_gt75,5,16,46700.0,5800.0,2300.0,True
S2B_MSIL1C_20191104T140249_N0500_R010_T25WER_20230525T120804_r8448_c2048,sza_gt75,10,25,145500.0,36800.0,3300.0,True
S2B_MSIL1C_20191104T140249_N0500_R010_T25WER_20230525T120804_r8448_c2048,sza_gt75,15,25,262000.0,79500.0,3400.0,True
S2B_MSIL1C_20191104T140249_N0500_R010_T25WER_20230525T120804_r8448_c2048,sza_gt75,20,24,317500.0,120600.0,3300.0,True
S2B_MSIL1C_20201104T142359_N0500_R096_T24WWU_20230318T134630_r8704_c4096,sza_gt75,5,52,938200.0,349300.0,3350.0,True
S2B_MSIL1C_20201104T142359_N0500_R096_T24WWU_20230318T134630_r8704_c4096,sza_gt75,10,31,1264800.0,859000.0,4100.0,True
S2B_MSIL1C_20201104T142359_N0500_R096_T24WWU_20230318T134630_r8704_c4096,sza_gt75,15,32,1394900.0,922900.0,3700.0,True
S2B_MSIL1C_20201104T142359_N0500_R096_T24WWU_20230318T134630_r8704_c4096,sza_gt75,20,30,1424300.0,936200.0,3700.0,True
S2B_MSIL1C_20201104T142359_N0500_R096_T24WWU_20230318T134630_r8960_c3072,sza_gt75,5,68,2412800.0,1722700.0,2900.0,True
S2B_MSIL1C_20201104T142359_N0500_R096_T24WWU_20230318T134630_r8960_c3072,sza_gt75,10,13,4291800.0,4203600.0,4600.0,True
S2B_MSIL1C_20201104T142359_N0500_R096_T24WWU_20230318T134630_r8960_c3072,sza_gt75,15,4,4945500.0,4933800.0,4250.0,True
S2B_MSIL1C_20201104T142359_N0500_R096_T24WWU_20230318T134630_r8960_c3072,sza_gt75,20,2,5224700.0,5221800.0,2612350.0,True
S2B_MSIL1C_20211103T140249_N0500_R010_T25WEQ_20230101T103834_r0512_c4096,sza_gt75,5,2,4100.0,2300.0,2050.0,True
S2B_MSIL1C_20211103T140249_N0500_R010_T25WEQ_20230101T103834_r0512_c4096,sza_gt75,10,2,4300.0,2500.0,2150.0,True
S2B_MSIL1C_20211103T140249_N0500_R010_T25WEQ_20230101T103834_r0512_c4096,sza_gt75,15,3,5900.0,2500.0,1800.0,True
S2B_MSIL1C_20211103T140249_N0500_R010_T25WEQ_20230101T103834_r0512_c4096,sza_gt75,20,3,5900.0,2500.0,1800.0,True
S2B_MSIL1C_20211103T140249_N0500_R010_T25WEQ_20230101T103834_r0768_c3328,sza_gt75,5,53,764000.0,476300.0,2900.0,True
S2B_MSIL1C_20211103T140249_N0500_R010_T25WEQ_20230101T103834_r0768_c3328,sza_gt75,10,37,1060600.0,685900.0,3900.0,True
S2B_MSIL1C_20211103T140249_N0500_R010_T25WEQ_20230101T103834_r0768_c3328,sza_gt75,15,35,1167800.0,736900.0,3900.0,True
S2B_MSIL1C_20211103T140249_N0500_R010_T25WEQ_20230101T103834_r0768_c3328,sza_gt75,20,37,1215500.0,758800.0,3900.0,True
S2B_MSIL1C_20211103T140249_N0500_R010_T25WER_20230101T103834_r3072_c4096,sza_gt75,5,59,1421300.0,522800.0,3800.0,True
S2B_MSIL1C_20211103T140249_N0500_R010_T25WER_20230101T103834_r3072_c4096,sza_gt75,10,56,1662700.0,621700.0,2850.0,True
S2B_MSIL1C_20211103T140249_N0500_R010_T25WER_20230101T103834_r3072_c4096,sza_gt75,15,53,1746000.0,639100.0,2700.0,True
S2B_MSIL1C_20211103T140249_N0500_R010_T25WER_20230101T103834_r3072_c4096,sza_gt75,20,48,1804400.0,973500.0,2450.0,True
S2B_MSIL1C_20211103T140249_N0500_R010_T25WER_20230101T103834_r3328_c3584,sza_gt75,5,17,78300.0,25100.0,2800.0,True
S2B_MSIL1C_20211103T140249_N0500_R010_T25WER_20230101T103834_r3328_c3584,sza_gt75,10,32,149900.0,27500.0,3500.0,True
S2B_MSIL1C_20211103T140249_N0500_R010_T25WER_20230101T103834_r3328_c3584,sza_gt75,15,31,258700.0,94000.0,4800.0,True
S2B_MSIL1C_20211103T140249_N0500_R010_T25WER_20230101T103834_r3328_c3584,sza_gt75,20,35,359200.0,160800.0,4700.0,True
S2B_MSIL1C_20211103T140249_N0500_R010_T25WER_20230101T103834_r5120_c3584,sza_gt75,5,25,87700.0,11300.0,2700.0,True
S2B_MSIL1C_20211103T140249_N0500_R010_T25WER_20230101T103834_r5120_c3584,sza_gt75,10,23,124500.0,17500.0,3100.0,True
S2B_MSIL1C_20211103T140249_N0500_R010_T25WER_20230101T103834_r5120_c3584,sza_gt75,15,24,130900.0,18100.0,2950.0,True
S2B_MSIL1C_20211103T140249_N0500_R010_T25WER_20230101T103834_r5120_c3584,sza_gt75,20,25,139700.0,18200.0,3300.0,True
S2B_MSIL1C_20211103T140249_N0500_R010_T25WER_20230101T103834_r5632_c5120,sza_gt75,5,5,25600.0,9400.0,2900.0,True
S2B_MSIL1C_20211103T140249_N0500_R010_T25WER_20230101T103834_r5632_c5120,sza_gt75,10,7,34400.0,11800.0,2800.0,True
S2B_MSIL1C_20211103T140249_N0500_R010_T25WER_20230101T103834_r5632_c5120,sza_gt75,15,7,35300.0,11900.0,2900.0,True
S2B_MSIL1C_20211103T140249_N0500_R010_T25WER_20230101T103834_r5632_c5120,sza_gt75,20,7,35600.0,11900.0,3000.0,True
S2B_MSIL1C_20211103T140249_N0500_R010_T25WER_20230101T103834_r8448_c1024,sza_gt75,5,119,1351500.0,150800.0,3200.0,True
S2B_MSIL1C_20211103T140249_N0500_R010_T25WER_20230101T103834_r8448_c1024,sza_gt75,10,92,1881900.0,558500.0,3300.0,True
S2B_MSIL1C_20211103T140249_N0500_R010_T25WER_20230101T103834_r8448_c1024,sza_gt75,15,85,2059500.0,744100.0,3000.0,True
S2B_MSIL1C_20211103T140249_N0500_R010_T25WER_20230101T103834_r8448_c1024,sza_gt75,20,81,2148800.0,768900.0,2900.0,True
S2B_MSIL1C_20211103T140249_N0500_R010_T25WER_20230101T103834_r9984_c1024,sza_gt75,5,61,482000.0,55100.0,4100.0,True
S2B_MSIL1C_20211103T140249_N0500_R010_T25WER_20230101T103834_r9984_c1024,sza_gt75,10,38,845500.0,355500.0,4950.0,True
S2B_MSIL1C_20211103T140249_N0500_R010_T25WER_20230101T103834_r9984_c1024,sza_gt75,15,36,991700.0,434500.0,3850.0,True
S2B_MSIL1C_20211103T140249_N0500_R010_T25WER_20230101T103834_r9984_c1024,sza_gt75,20,35,1032700.0,499900.0,4600.0,True
S2B_MSIL1C_20221101T141329_N0510_R053_T24WWT_20240712T091554_r5888_c4352,sza_gt75,5,0,0.0,0.0,0.0,True
S2B_MSIL1C_20221101T141329_N0510_R053_T24WWT_20240712T091554_r5888_c4352,sza_gt75,10,0,0.0,0.0,0.0,True
S2B_MSIL1C_20221101T141329_N0510_R053_T24WWT_20240712T091554_r5888_c4352,sza_gt75,15,1,4500.0,4500.0,4500.0,True
S2B_MSIL1C_20221101T141329_N0510_R053_T24WWT_20240712T091554_r5888_c4352,sza_gt75,20,1,13500.0,13500.0,13500.0,True
